turn_hour,carrier,turns,predicted_inherited_base,predicted_inherited_plus_10,buffer_efficiency
0,AA,7732,44069.0,35936.0,0.1052
0,AS,3486,11517.0,7625.0,0.1116
0,B6,292,3876.0,3324.0,0.189
0,DL,8395,29363.0,21956.0,0.0882
0,F9,6597,66303.0,51568.0,0.2234
0,HA,1,0.0,0.0,0.0
0,MQ,44,274.0,231.0,0.0977
0,NK,2482,15915.0,12424.0,0.1407
0,OH,69,422.0,291.0,0.1899
0,OO,61,292.0,209.0,0.1361
0,QX,42,28.0,18.0,0.0238
0,UA,5539,30380.0,24320.0,0.1094
0,YV,6,195.0,185.0,0.1667
0,YX,62,304.0,204.0,0.1613
1,AA,6335,16739.0,13468.0,0.0516
1,AS,4135,8226.0,5504.0,0.0658
1,B6,1603,15379.0,13003.0,0.1482
1,DL,6379,22903.0,19718.0,0.0499
1,F9,6256,27120.0,22280.0,0.0774
1,HA,987,4601.0,3665.0,0.0948
1,NK,3004,17488.0,13999.0,0.1161
1,OO,69,409.0,307.0,0.1478
1,UA,4854,45370.0,38062.0,0.1506
2,AA,78,605.0,575.0,0.0385
2,AS,3887,8716.0,5303.0,0.0878
2,B6,1309,12400.0,10520.0,0.1436
2,DL,400,2281.0,1837.0,0.111
2,F9,623,8207.0,6621.0,0.2546
2,HA,836,1210.0,970.0,0.0287
2,NK,1367,14958.0,12385.0,0.1882
2,UA,866,9104.0,7285.0,0.21
3,AS,1109,1232.0,917.0,0.0284
3,B6,1187,7543.0,6285.0,0.106
3,DL,74,645.0,590.0,0.0738
3,F9,1537,17129.0,13501.0,0.236
3,NK,1188,6242.0,4729.0,0.1274
4,AS,558,315.0,202.0,0.0203
4,B6,990,9342.0,7815.0,0.1542
4,DL,1,0.0,0.0,0.0
4,F9,657,1427.0,1049.0,0.0575
4,NK,1090,5164.0,3945.0,0.1118
4,UA,7,0.0,0.0,0.0
5,9E,12749,31139.0,30129.0,0.0079
5,AA,115790,171762.0,165945.0,0.005
5,AS,7328,792.0,557.0,0.0032
5,B6,11937,29452.0,24659.0,0.0401
5,DL,95163,150829.0,144298.0,0.0069
5,F9,20573,25957.0,23625.0,0.0113
5,HA,2749,0.0,0.0,0.0
5,MQ,28766,13756.0,13230.0,0.0018
5,NK,41804,19430.0,16803.0,0.0063
5,OH,29590,57574.0,55836.0,0.0059
5,OO,65249,169514.0,164332.0,0.0079
5,QX,3582,0.0,0.0,0.0
5,UA,47118,24161.0,22967.0,0.0025
5,WN,195462,1590.0,1132.0,0.0002
5,YV,3182,10066.0,9806.0,0.0082
5,YX,15099,7645.0,7395.0,0.0017
6,9E,63123,65045.0,62430.0,0.0041
6,AA,271460,332638.0,317362.0,0.0056
6,AS,50986,13667.0,9458.0,0.0083
6,B6,76922,41247.0,35006.0,0.0081
6,DL,313106,273282.0,260101.0,0.0042
6,F9,58003,72315.0,63585.0,0.0151
6,HA,13142,2168.0,1342.0,0.0063
6,MQ,89401,38034.0,36184.0,0.0021
6,NK,83132,61010.0,49489.0,0.0139
6,OH,65193,60910.0,58860.0,0.0031
6,OO,212213,338375.0,325934.0,0.0059
6,QX,6772,630.0,466.0,0.0024
6,UA,179089,87190.0,78186.0,0.005
6,WN,468914,8015.0,5188.0,0.0006
6,YV,12333,29836.0,28876.0,0.0078
6,YX,110866,23041.0,22054.0,0.0009
7,9E,37945,32892.0,30303.0,0.0068
7,AA,262642,271954.0,239354.0,0.0124
7,AS,100901,70320.0,48403.0,0.0217
7,B6,66362,52465.0,41467.0,0.0166
7,DL,315993,254622.0,220817.0,0.0107
7,F9,36658,89994.0,72844.0,0.0468
7,HA,27048,41810.0,31632.0,0.0376
7,MQ,61646,27179.0,23520.0,0.0059
7,NK,58962,74452.0,57017.0,0.0296
7,OH,51602,58880.0,52627.0,0.0121
7,OO,183577,235828.0,212294.0,0.0128
7,QX,12672,4321.0,2879.0,0.0114
7,UA,216726,153732.0,120341.0,0.0154
7,WN,324605,108345.0,68585.0,0.0122
7,YV,14396,26520.0,24807.0,0.0119
7,YX,67591,35743.0,31358.0,0.0065
8,9E,37756,75958.0,62297.0,0.0362
8,AA,224339,278979.0,225512.0,0.0238
8,AS,69258,53172.0,34922.0,0.0264
8,B6,55916,106708.0,83017.0,0.0424
8,DL,232713,226289.0,181042.0,0.0194
8,F9,39001,152662.0,124644.0,0.0718
8,HA,25357,30844.0,21685.0,0.0361
8,MQ,79796,89654.0,61585.0,0.0352
8,NK,52054,126816.0,96735.0,0.0578
8,OH,39726,100372.0,80333.0,0.0504
8,OO,195911,399758.0,338831.0,0.0311
8,QX,10072,9794.0,7274.0,0.025
8,UA,189182,139899.0,108782.0,0.0164
8,WN,412627,448799.0,295675.0,0.0371
8,YV,11819,39171.0,34593.0,0.0387
8,YX,86208,143314.0,112944.0,0.0352
9,9E,32961,80727.0,63480.0,0.0523
9,AA,172264,376965.0,292786.0,0.0489
9,AS,51131,82014.0,54619.0,0.0536
9,B6,49472,206348.0,160860.0,0.0919
9,DL,165750,255631.0,198705.0,0.0343
9,F9,39461,217079.0,176790.0,0.1021
9,HA,22410,26659.0,18305.0,0.0373
9,MQ,41769,99128.0,70915.0,0.0675
9,NK,52656,177660.0,135636.0,0.0798
9,OH,58244,153550.0,121359.0,0.0553
9,OO,161349,494225.0,403198.0,0.0564
9,QX,8828,14697.0,9897.0,0.0544
9,UA,143191,183567.0,143249.0,0.0282
9,WN,296804,578689.0,375802.0,0.0684
9,YV,8494,40250.0,33876.0,0.075
9,YX,65789,132598.0,102462.0,0.0458
10,9E,61094,157748.0,124049.0,0.0552
10,AA,223431,809024.0,624341.0,0.0827
10,AS,65014,140758.0,97071.0,0.0672
10,B6,65878,331303.0,261539.0,0.1059
10,DL,261553,517484.0,406199.0,0.0425
10,F9,39221,229940.0,185107.0,0.1143
10,HA,23214,36710.0,25007.0,0.0504
10,MQ,94691,300141.0,209241.0,0.096
10,NK,57276,242245.0,185924.0,0.0983
10,OH,54151,287528.0,228018.0,0.1099
10,OO,226449,1035274.0,847166.0,0.0831
10,QX,12183,26593.0,19467.0,0.0585
10,UA,163782,333548.0,257178.0,0.0466
10,WN,384326,1024052.0,679500.0,0.0897
10,YV,18567,104990.0,86807.0,0.0979
10,YX,88977,240441.0,185124.0,0.0622
11,9E,41797,145628.0,114511.0,0.0744
11,AA,219510,884982.0,685128.0,0.091
11,AS,58737,153437.0,100534.0,0.0901
11,B6,61523,366208.0,288891.0,0.1257
11,DL,286109,751024.0,595653.0,0.0543
11,F9,42860,292643.0,235291.0,0.1338
11,HA,20598,38803.0,25049.0,0.0668
11,MQ,50338,206110.0,145861.0,0.1197
11,NK,47426,231157.0,178736.0,0.1105
11,OH,81205,356761.0,274827.0,0.1009
11,OO,207111,955299.0,766064.0,0.0914
11,QX,9846,29857.0,21259.0,0.0873
11,UA,170068,451904.0,348849.0,0.0606
11,WN,315836,1060140.0,706235.0,0.1121
11,YV,7945,48289.0,39950.0,0.105
11,YX,88635,274136.0,208910.0,0.0736
12,9E,60024,198402.0,155036.0,0.0722
12,AA,226381,1169946.0,916840.0,0.1118
12,AS,49196,141454.0,98631.0,0.087
12,B6,55782,364414.0,290715.0,0.1321
12,DL,265860,775310.0,603912.0,0.0645
12,F9,40012,288499.0,229840.0,0.1466
12,HA,24043,67826.0,49425.0,0.0765
12,MQ,88639,375515.0,268462.0,0.1208
12,NK,50046,259324.0,201427.0,0.1157
12,OH,51552,306215.0,240885.0,0.1267
12,OO,198510,1086392.0,877109.0,0.1054
12,QX,10582,33131.0,23354.0,0.0924
12,UA,156704,487491.0,385086.0,0.0653
12,WN,365751,1470478.0,990229.0,0.1313
12,YV,21826,132863.0,109539.0,0.1069
12,YX,91347,280817.0,212459.0,0.0748
13,9E,44110,148623.0,117075.0,0.0715
13,AA,225016,1158470.0,906540.0,0.112
13,AS,49028,171600.0,120194.0,0.1049
13,B6,53717,434618.0,348808.0,0.1597
13,DL,224634,735455.0,581607.0,0.0685
13,F9,38493,297222.0,237890.0,0.1541
13,HA,24211,77450.0,54511.0,0.0947
13,MQ,60972,228475.0,163880.0,0.1059
13,NK,45902,270514.0,212028.0,0.1274
13,OH,63580,308212.0,242237.0,0.1038
13,OO,219446,1184550.0,949868.0,0.1069
13,QX,10219,36079.0,24442.0,0.1139
13,UA,182505,735587.0,576592.0,0.0871
13,WN,328033,1513903.0,1023303.0,0.1496
13,YV,10211,71593.0,58153.0,0.1316
13,YX,75506,237390.0,183053.0,0.072
14,9E,49901,175901.0,137441.0,0.0771
14,AA,215723,1285197.0,1012744.0,0.1263
14,AS,56299,197582.0,139461.0,0.1032
14,B6,57701,480662.0,388420.0,0.1599
14,DL,234167,698619.0,546795.0,0.0648
14,F9,39256,314708.0,252906.0,0.1574
14,HA,25101,97928.0,65172.0,0.1305
14,MQ,77722,335748.0,244612.0,0.1173
14,NK,50525,322773.0,253017.0,0.1381
14,OH,60561,325063.0,255953.0,0.1141
14,OO,208410,1174125.0,948021.0,0.1085
14,QX,10930,37937.0,26490.0,0.1047
14,UA,181305,781270.0,621350.0,0.0882
14,WN,356774,1922926.0,1323577.0,0.168
14,YV,18771,137790.0,113023.0,0.1319
14,YX,94746,314943.0,242222.0,0.0768
15,9E,49365,161751.0,125699.0,0.073
15,AA,204646,1218929.0,956237.0,0.1284
15,AS,49292,200469.0,141069.0,0.1205
15,B6,51471,492723.0,402011.0,0.1762
15,DL,270402,1005046.0,782727.0,0.0822
15,F9,41196,390889.0,315708.0,0.1825
15,HA,21565,95673.0,62822.0,0.1523
15,MQ,58894,248472.0,181776.0,0.1132
15,NK,49251,373393.0,295583.0,0.158
15,OH,54836,319083.0,253705.0,0.1192
15,OO,195424,1069821.0,856435.0,0.1092
15,QX,10678,35955.0,25613.0,0.0968
15,UA,111180,623421.0,503184.0,0.1081
15,WN,305441,1983830.0,1378515.0,0.1982
15,YV,11567,95937.0,79474.0,0.1423
15,YX,86939,328517.0,252147.0,0.0878
16,9E,52980,183251.0,142801.0,0.0764
16,AA,211811,1534402.0,1228723.0,0.1443
16,AS,52952,202346.0,148316.0,0.102
16,B6,56095,576085.0,476588.0,0.1774
16,DL,223976,811495.0,628896.0,0.0815
16,F9,42095,413472.0,333719.0,0.1895
16,HA,20122,103956.0,67730.0,0.18
16,MQ,80612,446416.0,330034.0,0.1444
16,NK,54825,443986.0,354276.0,0.1636
16,OH,62178,457221.0,362867.0,0.1517
16,OO,209403,1256207.0,1013481.0,0.1159
16,QX,11845,43465.0,31060.0,0.1047
16,UA,195870,1063535.0,859230.0,0.1043
16,WN,372075,2789409.0,1987586.0,0.2155
16,YV,19841,142321.0,116979.0,0.1277
16,YX,74004,327909.0,254957.0,0.0986
17,9E,52057,254422.0,199490.0,0.1055
17,AA,215275,1786884.0,1439509.0,0.1614
17,AS,63100,310978.0,227683.0,0.132
17,B6,49447,572167.0,471650.0,0.2033
17,DL,225573,1075566.0,852996.0,0.0987
17,F9,38740,450269.0,369001.0,0.2098
17,HA,17223,101727.0,67236.0,0.2003
17,MQ,63646,364687.0,274871.0,0.1411
17,NK,52881,483572.0,389068.0,0.1787
17,OH,47606,461645.0,370613.0,0.1912
17,OO,213849,1432893.0,1159060.0,0.128
17,QX,9421,40022.0,28838.0,0.1187
17,UA,164928,1040675.0,853323.0,0.1136
17,WN,306060,2756430.0,1995352.0,0.2487
17,YV,13515,96917.0,80061.0,0.1247
17,YX,91598,524571.0,412881.0,0.1219
18,9E,43869,221347.0,176200.0,0.1029
18,AA,231850,2032106.0,1633842.0,0.1718
18,AS,76014,299856.0,219096.0,0.1062
18,B6,55105,740391.0,619793.0,0.2189
18,DL,262513,1234868.0,980006.0,0.0971
18,F9,39756,494228.0,405569.0,0.223
18,HA,15554,79926.0,54460.0,0.1637
18,MQ,72150,508567.0,379543.0,0.1788
18,NK,59132,585905.0,477398.0,0.1835
18,OH,66510,602498.0,486557.0,0.1743
18,OO,220348,1503441.0,1234763.0,0.1219
18,QX,11568,46564.0,33095.0,0.1164
18,UA,211602,1163729.0,947455.0,0.1022
18,WN,373941,3771142.0,2798164.0,0.2602
18,YV,14088,128465.0,106255.0,0.1576
18,YX,86869,495724.0,397137.0,0.1135
19,9E,32661,181799.0,146096.0,0.1093
19,AA,207482,1953123.0,1574488.0,0.1825
19,AS,50731,271156.0,199698.0,0.1409
19,B6,47792,716285.0,601648.0,0.2399
19,DL,185356,1107525.0,896531.0,0.1138
19,F9,37014,509361.0,420968.0,0.2388
19,HA,12221,61263.0,41846.0,0.1589
19,MQ,58794,376245.0,285632.0,0.1541
19,NK,51033,556834.0,453170.0,0.2031
19,OH,34360,395425.0,327412.0,0.1979
19,OO,157185,1171612.0,963981.0,0.1321
19,QX,10855,47326.0,34267.0,0.1203
19,UA,145178,1145777.0,931629.0,0.1475
19,WN,312909,3590951.0,2693043.0,0.287
19,YV,12184,116739.0,96572.0,0.1655
19,YX,63682,503658.0,410179.0,0.1468
20,9E,28075,129500.0,105174.0,0.0866
20,AA,176268,1466621.0,1166903.0,0.17
20,AS,48737,210414.0,157803.0,0.108
20,B6,62071,830378.0,696524.0,0.2156
20,DL,183063,878751.0,711336.0,0.0915
20,F9,36844,501193.0,415299.0,0.2331
20,HA,8889,40922.0,27424.0,0.1519
20,MQ,57244,417545.0,318832.0,0.1724
20,NK,64780,670911.0,548729.0,0.1886
20,OH,63549,532864.0,434043.0,0.1555
20,OO,146002,918229.0,760435.0,0.1081
20,QX,8749,32453.0,23650.0,0.1006
20,UA,130170,924519.0,747285.0,0.1362
20,WN,322527,3718972.0,2808523.0,0.2823
20,YV,12177,96090.0,79903.0,0.1329
20,YX,65645,515873.0,422783.0,0.1418
21,9E,36447,119350.0,96141.0,0.0637
21,AA,118032,784154.0,617056.0,0.1416
21,AS,38668,156294.0,104565.0,0.1338
21,B6,44104,602857.0,506225.0,0.2191
21,DL,142124,508928.0,397066.0,0.0787
21,F9,37070,550524.0,458037.0,0.2495
21,HA,4992,14706.0,10428.0,0.0857
21,MQ,39509,177599.0,137558.0,0.1013
21,NK,52459,645710.0,526988.0,0.2263
21,OH,19001,143451.0,118729.0,0.1301
21,OO,119997,657930.0,546525.0,0.0928
21,QX,5814,23497.0,16363.0,0.1227
21,UA,59302,435450.0,350541.0,0.1432
21,WN,201024,2513329.0,1907026.0,0.3016
21,YV,3272,26478.0,22384.0,0.1251
21,YX,41445,318954.0,260372.0,0.1413
22,9E,14831,51054.0,40964.0,0.068
22,AA,111976,744670.0,576698.0,0.15
22,AS,24570,83598.0,55125.0,0.1159
22,B6,25392,337677.0,281751.0,0.2203
22,DL,140042,420345.0,321993.0,0.0702
22,F9,39593,591917.0,488528.0,0.2611
22,HA,1764,4507.0,3662.0,0.0479
22,MQ,25389,150801.0,112436.0,0.1511
22,NK,39508,423186.0,339629.0,0.2115
22,OH,32898,297834.0,239372.0,0.1777
22,OO,45191,240332.0,201098.0,0.0868
22,QX,3607,9106.0,6477.0,0.0729
22,UA,56696,281734.0,222615.0,0.1043
22,WN,133154,1500009.0,1133161.0,0.2755
22,YV,3365,27345.0,22469.0,0.1449
22,YX,24913,164059.0,132123.0,0.1282
23,9E,2905,4266.0,3197.0,0.0368
23,AA,42431,151991.0,119383.0,0.0768
23,AS,19064,73088.0,48677.0,0.128
23,B6,14035,179859.0,149441.0,0.2167
23,DL,87738,240789.0,182781.0,0.0661
23,F9,19796,206382.0,166464.0,0.2016
23,HA,1440,5852.0,4672.0,0.0819
23,MQ,1553,5514.0,4238.0,0.0822
23,NK,15415,119034.0,93337.0,0.1667
23,OH,3842,15922.0,13004.0,0.076
23,OO,15648,44019.0,36785.0,0.0462
23,QX,3784,4228.0,2770.0,0.0385
23,UA,37226,167179.0,130907.0,0.0974
23,WN,11896,61612.0,46075.0,0.1306
23,YV,75,15.0,3.0,0.016
23,YX,781,3529.0,2977.0,0.0707
24,AA,20784,57109.0,48346.0,0.0422
24,AS,5631,3582.0,2296.0,0.0228
24,B6,11092,68087.0,56195.0,0.1072
24,DL,14553,16239.0,13498.0,0.0188
24,F9,3906,17353.0,14145.0,0.0821
24,HA,198,422.0,402.0,0.0101
24,MQ,49,172.0,153.0,0.0388
24,NK,5129,13061.0,10231.0,0.0552
24,OH,34,54.0,35.0,0.0559
24,OO,713,1491.0,1331.0,0.0224
24,QX,17,0.0,0.0,0.0
24,UA,24447,41085.0,33768.0,0.0299
24,WN,507,365.0,223.0,0.028
24,YV,107,22.0,12.0,0.0093
24,YX,32,182.0,155.0,0.0844
