dep_hour,carrier,carrier_name,carrier_type,root_delays,avg_downstream_legs,avg_downstream_minutes,avg_amplification,total_cascade_minutes,total_cascade_cost_usd
0,AA,American Airlines,Network,537,0.276,14.66,1.266,65536,6449398
0,AS,Alaska Airlines,Network,480,0.413,17.55,1.341,30443,2995896
0,B6,JetBlue Airways,Low-cost,53,0.811,46.42,1.727,8552,841602
0,DL,Delta Air Lines,Network,500,0.202,8.09,1.171,45518,4479426
0,F9,Frontier Airlines,Ultra low-cost,1335,0.264,25.38,1.489,122083,12014188
0,MQ,Envoy Air,Regional,14,0.071,0.36,1.015,569,55995
0,NK,Spirit Airlines,Ultra low-cost,479,0.39,19.97,1.312,43359,4266959
0,OH,PSA Airlines,Regional,11,0.0,0.0,1.0,369,36313
0,OO,SkyWest Airlines,Regional,19,1.474,105.95,3.152,3289,323670
0,QX,Horizon Air,Regional,6,0.0,0.0,1.0,189,18599
0,UA,United Airlines,Network,433,0.346,13.42,1.28,28473,2802028
0,YV,Mesa Airlines,Regional,2,0.0,0.0,1.0,237,23323
0,YX,Republic Airways,Regional,16,0.0,0.0,1.0,927,91226
1,AA,American Airlines,Network,484,0.312,17.36,1.175,59804,5885312
1,AS,Alaska Airlines,Network,512,0.184,6.55,1.124,29248,2878296
1,B6,JetBlue Airways,Low-cost,156,0.276,16.75,1.248,13204,1299406
1,DL,Delta Air Lines,Network,503,0.414,20.02,1.298,59547,5860020
1,F9,Frontier Airlines,Ultra low-cost,801,0.286,26.37,1.307,80698,7941490
1,HA,Hawaiian Airlines,Network,116,0.017,0.27,1.007,7892,776652
1,NK,Spirit Airlines,Ultra low-cost,449,0.327,19.41,1.226,42130,4146013
1,OO,SkyWest Airlines,Regional,12,0.0,0.0,1.0,3819,375828
1,UA,United Airlines,Network,255,0.192,9.2,1.101,16670,1640495
2,AA,American Airlines,Network,11,0.091,0.45,1.03,2222,218667
2,AS,Alaska Airlines,Network,468,0.261,9.49,1.155,26447,2602649
2,B6,JetBlue Airways,Low-cost,149,0.416,23.27,1.3,14190,1396438
2,DL,Delta Air Lines,Network,28,0.214,7.89,1.086,2881,283519
2,F9,Frontier Airlines,Ultra low-cost,63,0.254,20.89,1.178,5484,539680
2,HA,Hawaiian Airlines,Network,92,0.011,0.28,1.019,10138,997681
2,NK,Spirit Airlines,Ultra low-cost,147,0.265,20.36,1.168,16142,1588534
2,UA,United Airlines,Network,26,0.0,0.0,1.0,1103,108546
3,AS,Alaska Airlines,Network,141,0.362,15.26,1.313,8864,872306
3,B6,JetBlue Airways,Low-cost,137,0.715,38.66,1.399,14998,1475953
3,DL,Delta Air Lines,Network,7,0.143,1.29,1.051,188,18501
3,F9,Frontier Airlines,Ultra low-cost,91,0.495,26.14,1.523,10524,1035667
3,NK,Spirit Airlines,Ultra low-cost,101,0.347,26.97,1.273,11473,1129058
4,AS,Alaska Airlines,Network,69,0.319,7.03,1.304,2544,250355
4,B6,JetBlue Airways,Low-cost,117,0.598,40.55,1.546,12991,1278444
4,F9,Frontier Airlines,Ultra low-cost,38,0.237,14.45,1.14,5003,492345
4,NK,Spirit Airlines,Ultra low-cost,129,0.411,18.19,1.377,11707,1152086
4,UA,United Airlines,Network,7,0.571,57.43,1.481,863,84928
5,9E,Endeavor Air,Regional,1069,0.507,33.77,1.454,134247,13211247
5,AA,American Airlines,Network,12471,0.527,27.21,1.497,1496887,147308650
5,AS,Alaska Airlines,Network,716,0.494,23.33,1.478,54000,5314140
5,B6,JetBlue Airways,Low-cost,1714,0.964,56.08,2.08,211887,20851800
5,DL,Delta Air Lines,Network,7447,0.482,23.4,1.43,888824,87469170
5,F9,Frontier Airlines,Ultra low-cost,3176,1.247,81.5,2.488,454929,44769563
5,HA,Hawaiian Airlines,Network,122,1.172,43.86,1.948,9894,973669
5,MQ,Envoy Air,Regional,3274,0.549,25.59,1.484,355067,34942143
5,NK,Spirit Airlines,Ultra low-cost,4803,0.638,38.26,1.79,495674,48779278
5,OH,PSA Airlines,Regional,3294,0.809,53.9,1.848,559121,55023098
5,OO,SkyWest Airlines,Regional,7418,0.175,12.36,1.167,1035362,101889974
5,QX,Horizon Air,Regional,314,0.516,28.84,1.381,28910,2845033
5,UA,United Airlines,Network,3296,0.532,26.9,1.488,331725,32645057
5,WN,Southwest Airlines,Low-cost,11516,1.249,58.11,2.378,1265502,124538052
5,YV,Mesa Airlines,Regional,378,0.638,49.46,1.419,68919,6782319
5,YX,Republic Airways,Regional,1311,0.613,36.39,2.188,142507,14024114
6,9E,Endeavor Air,Regional,6094,0.593,36.94,1.706,735501,72380653
6,AA,American Airlines,Network,32880,0.56,29.43,1.617,3818267,375755655
6,AS,Alaska Airlines,Network,5222,0.543,26.66,1.509,411855,40530651
6,B6,JetBlue Airways,Low-cost,11325,0.949,54.76,2.011,1318670,129770315
6,DL,Delta Air Lines,Network,27531,0.53,27.02,1.435,3099919,305063029
6,F9,Frontier Airlines,Ultra low-cost,9759,1.157,74.33,2.497,1294818,127423039
6,HA,Hawaiian Airlines,Network,702,1.151,47.34,2.238,65943,6489451
6,MQ,Envoy Air,Regional,11014,0.568,26.71,1.569,1069552,105254612
6,NK,Spirit Airlines,Ultra low-cost,11006,0.621,37.91,1.655,1093309,107592539
6,OH,PSA Airlines,Regional,8664,0.737,46.35,2.206,1222617,120317739
6,OO,SkyWest Airlines,Regional,23982,0.241,16.91,1.238,3101329,305201787
6,QX,Horizon Air,Regional,590,0.529,26.74,1.502,51009,5019796
6,UA,United Airlines,Network,16852,0.507,29.03,1.562,1580128,155500396
6,WN,Southwest Airlines,Low-cost,29741,1.199,56.21,2.309,3188979,313827423
6,YV,Mesa Airlines,Regional,1688,0.648,49.45,1.59,260186,25604904
6,YX,Republic Airways,Regional,11411,0.561,30.86,1.58,1051348,103463157
7,9E,Endeavor Air,Regional,4695,0.646,40.69,1.812,534323,52582726
7,AA,American Airlines,Network,40834,0.684,35.86,1.969,4475464,440430412
7,AS,Alaska Airlines,Network,14358,0.588,27.02,1.562,1089864,107253516
7,B6,JetBlue Airways,Low-cost,10823,0.98,56.73,2.249,1264577,124447023
7,DL,Delta Air Lines,Network,37881,0.753,41.7,1.711,4266677,419883684
7,F9,Frontier Airlines,Ultra low-cost,6311,1.187,73.73,2.725,819463,80643354
7,HA,Hawaiian Airlines,Network,2925,0.434,17.96,1.443,253527,24949592
7,MQ,Envoy Air,Regional,9387,0.629,28.75,1.701,841818,82843309
7,NK,Spirit Airlines,Ultra low-cost,8538,0.662,39.3,1.727,833410,82015878
7,OH,PSA Airlines,Regional,7178,0.757,45.37,2.187,857615,84397892
7,OO,SkyWest Airlines,Regional,28752,0.282,18.56,1.32,2959733,291267325
7,QX,Horizon Air,Regional,1379,0.674,31.86,1.692,116512,11465946
7,UA,United Airlines,Network,28114,0.606,33.77,1.893,2567889,252705956
7,WN,Southwest Airlines,Low-cost,25357,1.262,59.01,2.494,2736532,269302114
7,YV,Mesa Airlines,Regional,2244,0.559,40.07,1.832,278802,27436905
7,YX,Republic Airways,Regional,8763,0.565,30.69,1.861,765531,75335906
8,9E,Endeavor Air,Regional,3812,0.757,43.75,2.009,394184,38791647
8,AA,American Airlines,Network,43787,0.783,42.42,2.636,4771347,469548258
8,AS,Alaska Airlines,Network,13572,0.625,29.59,1.731,1057543,104072807
8,B6,JetBlue Airways,Low-cost,11107,0.982,56.25,2.231,1269801,124961116
8,DL,Delta Air Lines,Network,32618,0.719,37.91,1.628,3324388,327153023
8,F9,Frontier Airlines,Ultra low-cost,6277,1.126,68.61,2.741,777209,76485138
8,HA,Hawaiian Airlines,Network,3393,0.444,22.19,1.44,295008,29031737
8,MQ,Envoy Air,Regional,10700,0.888,40.23,2.294,953778,93861293
8,NK,Spirit Airlines,Ultra low-cost,7908,0.603,35.65,1.836,726826,71526947
8,OH,PSA Airlines,Regional,5680,0.977,60.67,3.707,685682,67477966
8,OO,SkyWest Airlines,Regional,34147,0.313,19.96,1.449,3104699,305533429
8,QX,Horizon Air,Regional,1270,0.62,29.7,1.697,105266,10359227
8,UA,United Airlines,Network,29273,0.584,31.11,1.95,2491074,245146592
8,WN,Southwest Airlines,Low-cost,34611,1.271,56.74,2.777,3433106,337851961
8,YV,Mesa Airlines,Regional,2553,0.772,50.25,2.641,299661,29489639
8,YX,Republic Airways,Regional,10150,0.601,29.86,1.877,803265,79049309
9,9E,Endeavor Air,Regional,3065,0.728,41.37,2.498,298135,29339465
9,AA,American Airlines,Network,27933,0.698,37.17,2.592,2735128,269163946
9,AS,Alaska Airlines,Network,9524,0.607,29.61,1.629,759819,74773788
9,B6,JetBlue Airways,Low-cost,9342,0.96,55.35,2.27,1075432,105833263
9,DL,Delta Air Lines,Network,19214,0.722,35.88,1.71,1829246,180016099
9,F9,Frontier Airlines,Ultra low-cost,5583,1.099,66.63,3.089,675695,66495145
9,HA,Hawaiian Airlines,Network,2829,0.512,24.15,1.712,230222,22656147
9,MQ,Envoy Air,Regional,4514,0.775,36.41,2.346,377828,37182053
9,NK,Spirit Airlines,Ultra low-cost,7265,0.561,33.66,1.8,641040,63084746
9,OH,PSA Airlines,Regional,6281,0.87,45.66,3.048,573215,56410088
9,OO,SkyWest Airlines,Regional,27828,0.259,16.5,1.349,2352683,231527534
9,QX,Horizon Air,Regional,1112,0.618,30.9,1.641,90402,8896461
9,UA,United Airlines,Network,26738,0.622,32.37,2.168,2195743,216083069
9,WN,Southwest Airlines,Low-cost,25524,1.327,58.9,3.085,2578037,253704621
9,YV,Mesa Airlines,Regional,1637,0.425,27.82,1.748,155505,15303247
9,YX,Republic Airways,Regional,7356,0.593,30.86,2.099,580050,57082721
10,9E,Endeavor Air,Regional,4644,0.66,36.12,2.305,432543,42566557
10,AA,American Airlines,Network,30202,0.765,42.8,3.365,2932601,288597264
10,AS,Alaska Airlines,Network,10996,0.61,31.29,1.781,877362,86341194
10,B6,JetBlue Airways,Low-cost,11357,0.858,50.04,2.388,1240105,122038733
10,DL,Delta Air Lines,Network,25655,0.715,37.5,1.82,2521390,248129990
10,F9,Frontier Airlines,Ultra low-cost,5204,0.964,56.49,2.698,568890,55984465
10,HA,Hawaiian Airlines,Network,3524,0.53,21.52,1.637,276904,27250123
10,MQ,Envoy Air,Regional,8368,0.808,38.9,2.727,711878,70055914
10,NK,Spirit Airlines,Ultra low-cost,8190,0.447,25.96,1.695,664374,65381045
10,OH,PSA Airlines,Regional,4854,0.932,57.48,3.865,540242,53165215
10,OO,SkyWest Airlines,Regional,35047,0.204,13.05,1.275,2973142,292586904
10,QX,Horizon Air,Regional,1312,0.591,27.02,1.806,88383,8697771
10,UA,United Airlines,Network,25061,0.61,31.89,2.276,2031095,199880059
10,WN,Southwest Airlines,Low-cost,31778,1.261,57.18,3.287,3154810,310464852
10,YV,Mesa Airlines,Regional,3100,0.584,41.98,2.415,315117,31010664
10,YX,Republic Airways,Regional,8237,0.579,28.18,2.079,625821,61587045
11,9E,Endeavor Air,Regional,3101,0.691,37.44,2.12,298911,29415832
11,AA,American Airlines,Network,28032,0.743,39.89,3.399,2646628,260454661
11,AS,Alaska Airlines,Network,8637,0.629,29.54,1.85,651648,64128680
11,B6,JetBlue Airways,Low-cost,10451,0.772,45.62,2.247,1096359,107892689
11,DL,Delta Air Lines,Network,27951,0.709,37.24,1.765,2800792,275625941
11,F9,Frontier Airlines,Ultra low-cost,5916,0.941,56.05,3.079,653516,64312510
11,HA,Hawaiian Airlines,Network,2213,0.814,30.86,2.634,160468,15791656
11,MQ,Envoy Air,Regional,4353,0.773,36.7,2.887,356287,35062204
11,NK,Spirit Airlines,Ultra low-cost,7938,0.433,25.6,1.667,667742,65712490
11,OH,PSA Airlines,Regional,6422,0.892,49.74,3.733,639897,62972264
11,OO,SkyWest Airlines,Regional,30312,0.21,13.59,1.353,2559926,251922318
11,QX,Horizon Air,Regional,1064,0.648,31.26,2.277,79904,7863353
11,UA,United Airlines,Network,23124,0.637,33.95,2.577,1889270,185923061
11,WN,Southwest Airlines,Low-cost,28366,1.266,59.28,3.317,2918091,287169335
11,YV,Mesa Airlines,Regional,1235,0.435,27.72,2.195,109597,10785441
11,YX,Republic Airways,Regional,8102,0.557,28.43,2.039,649690,63935993
12,9E,Endeavor Air,Regional,4944,0.668,36.47,2.275,472215,46470678
12,AA,American Airlines,Network,28563,0.664,36.85,3.062,2711975,266885460
12,AS,Alaska Airlines,Network,6344,0.483,22.58,1.712,426948,42015953
12,B6,JetBlue Airways,Low-cost,10417,0.728,42.87,2.051,1094806,107739858
12,DL,Delta Air Lines,Network,24785,0.606,30.68,1.79,2362522,232495790
12,F9,Frontier Airlines,Ultra low-cost,5348,0.948,59.51,3.336,616362,60656184
12,HA,Hawaiian Airlines,Network,3387,0.664,22.41,2.088,198720,19556035
12,MQ,Envoy Air,Regional,7404,0.8,37.41,2.999,622054,61216334
12,NK,Spirit Airlines,Ultra low-cost,8792,0.398,24.49,1.58,755301,74329171
12,OH,PSA Airlines,Regional,4654,0.847,52.15,4.369,499743,49179709
12,OO,SkyWest Airlines,Regional,30334,0.17,11.18,1.338,2688234,264549108
12,QX,Horizon Air,Regional,1078,0.599,26.31,1.883,72803,7164543
12,UA,United Airlines,Network,22581,0.542,31.3,2.288,1927542,189689408
12,WN,Southwest Airlines,Low-cost,33235,1.161,54.16,3.316,3202571,315165012
12,YV,Mesa Airlines,Regional,3407,0.463,32.19,2.083,337552,33218492
12,YX,Republic Airways,Regional,10133,0.591,29.7,2.14,830124,81692503
13,9E,Endeavor Air,Regional,3868,0.58,31.38,2.056,356419,35075194
13,AA,American Airlines,Network,32193,0.658,37.3,3.315,2931637,288502397
13,AS,Alaska Airlines,Network,6430,0.459,21.15,1.8,432575,42569706
13,B6,JetBlue Airways,Low-cost,11142,0.698,42.47,2.035,1171294,115267043
13,DL,Delta Air Lines,Network,21539,0.552,28.64,1.601,2097800,206444498
13,F9,Frontier Airlines,Ultra low-cost,5655,0.885,53.76,3.197,628357,61836612
13,HA,Hawaiian Airlines,Network,4284,0.597,19.06,1.876,236651,23288825
13,MQ,Envoy Air,Regional,6479,0.771,37.13,2.92,523295,51497461
13,NK,Spirit Airlines,Ultra low-cost,9129,0.401,24.25,1.667,774849,76252890
13,OH,PSA Airlines,Regional,6643,0.88,51.86,3.924,675551,66480974
13,OO,SkyWest Airlines,Regional,32261,0.194,13.03,1.368,2853222,280785577
13,QX,Horizon Air,Regional,1021,0.591,27.98,2.3,71855,7071251
13,UA,United Airlines,Network,24224,0.486,27.48,2.274,1945463,191453014
13,WN,Southwest Airlines,Low-cost,34342,1.113,52.4,3.256,3240669,318914236
13,YV,Mesa Airlines,Regional,1567,0.466,31.16,2.539,153253,15081628
13,YX,Republic Airways,Regional,9418,0.55,28.16,1.945,767425,75522294
14,9E,Endeavor Air,Regional,4367,0.53,29.0,1.99,413884,40730324
14,AA,American Airlines,Network,31265,0.603,35.12,3.103,2857773,281233441
14,AS,Alaska Airlines,Network,6966,0.32,14.98,1.508,426191,41941456
14,B6,JetBlue Airways,Low-cost,12577,0.601,37.04,1.915,1262574,124249907
14,DL,Delta Air Lines,Network,24846,0.54,29.07,1.646,2478485,243907709
14,F9,Frontier Airlines,Ultra low-cost,6559,0.8,49.88,2.669,703614,69242654
14,HA,Hawaiian Airlines,Network,3574,0.597,21.27,2.206,218353,21488119
14,MQ,Envoy Air,Regional,7989,0.724,34.46,2.528,652218,64184773
14,NK,Spirit Airlines,Ultra low-cost,11480,0.36,22.08,1.651,971211,95576875
14,OH,PSA Airlines,Regional,7640,0.759,43.59,3.403,741969,73017169
14,OO,SkyWest Airlines,Regional,33880,0.198,13.03,1.345,3060757,301209096
14,QX,Horizon Air,Regional,974,0.554,28.87,2.001,73202,7203809
14,UA,United Airlines,Network,29201,0.479,27.95,2.041,2430919,239226739
14,WN,Southwest Airlines,Low-cost,38802,0.962,46.65,3.209,3474968,341971601
14,YV,Mesa Airlines,Regional,2717,0.437,29.76,2.354,272491,26815839
14,YX,Republic Airways,Regional,12522,0.508,26.71,1.852,1059044,104220520
15,9E,Endeavor Air,Regional,4939,0.508,28.46,1.716,446703,43960042
15,AA,American Airlines,Network,34072,0.484,27.69,2.569,2771358,272729341
15,AS,Alaska Airlines,Network,6099,0.413,18.44,1.686,376563,37057565
15,B6,JetBlue Airways,Low-cost,11418,0.599,37.85,1.88,1154526,113616904
15,DL,Delta Air Lines,Network,33104,0.52,28.19,1.548,3213916,316281474
15,F9,Frontier Airlines,Ultra low-cost,7130,0.754,45.23,2.498,746392,73452437
15,HA,Hawaiian Airlines,Network,2320,0.56,24.75,2.809,156120,15363769
15,MQ,Envoy Air,Regional,7291,0.623,29.67,2.337,540108,53152028
15,NK,Spirit Airlines,Ultra low-cost,11962,0.338,20.3,1.531,1019785,100357042
15,OH,PSA Airlines,Regional,7643,0.627,37.88,3.017,692953,68193505
15,OO,SkyWest Airlines,Regional,32961,0.155,10.59,1.278,2899031,285293641
15,QX,Horizon Air,Regional,1092,0.527,25.88,2.29,75227,7403089
15,UA,United Airlines,Network,19408,0.403,23.25,1.765,1619543,159379227
15,WN,Southwest Airlines,Low-cost,35306,0.884,43.86,3.065,3074066,302518835
15,YV,Mesa Airlines,Regional,1778,0.295,21.54,2.077,162186,15960724
15,YX,Republic Airways,Regional,11876,0.474,25.45,1.801,1009212,99316553
16,9E,Endeavor Air,Regional,5427,0.429,25.9,1.612,496700,48880247
16,AA,American Airlines,Network,35036,0.419,24.24,2.359,2711754,266863711
16,AS,Alaska Airlines,Network,7213,0.295,14.03,1.558,435883,42895246
16,B6,JetBlue Airways,Low-cost,13335,0.542,34.28,1.824,1334331,131311514
16,DL,Delta Air Lines,Network,28160,0.413,21.97,1.423,2553046,251245257
16,F9,Frontier Airlines,Ultra low-cost,7864,0.642,41.11,2.483,795198,78255435
16,HA,Hawaiian Airlines,Network,1682,0.673,27.38,2.774,114345,11252691
16,MQ,Envoy Air,Regional,9752,0.552,25.59,2.21,671898,66121482
16,NK,Spirit Airlines,Ultra low-cost,14023,0.283,17.12,1.45,1152008,113369107
16,OH,PSA Airlines,Regional,8799,0.64,37.15,2.948,766932,75473778
16,OO,SkyWest Airlines,Regional,37030,0.13,8.66,1.232,3143954,309396513
16,QX,Horizon Air,Regional,1259,0.45,20.41,1.916,77320,7609061
16,UA,United Airlines,Network,34972,0.311,17.17,1.632,2469677,243040914
16,WN,Southwest Airlines,Low-cost,41404,0.703,34.76,2.809,3215424,316429876
16,YV,Mesa Airlines,Regional,3236,0.265,17.85,1.807,286208,28165729
16,YX,Republic Airways,Regional,11197,0.402,22.52,1.611,920650,90601167
17,9E,Endeavor Air,Regional,5725,0.344,19.56,1.434,511445,50331302
17,AA,American Airlines,Network,37390,0.258,14.97,1.789,2581756,254070608
17,AS,Alaska Airlines,Network,8321,0.25,11.03,1.317,467067,45964063
17,B6,JetBlue Airways,Low-cost,12687,0.494,31.76,1.759,1222122,120269026
17,DL,Delta Air Lines,Network,26144,0.301,16.59,1.334,2381712,234384278
17,F9,Frontier Airlines,Ultra low-cost,6881,0.533,35.0,2.128,673211,66250695
17,HA,Hawaiian Airlines,Network,1040,0.482,21.05,2.411,65554,6451169
17,MQ,Envoy Air,Regional,8939,0.385,18.11,2.012,546685,53799271
17,NK,Spirit Airlines,Ultra low-cost,13238,0.23,13.85,1.365,1064648,104772010
17,OH,PSA Airlines,Regional,7534,0.491,29.0,2.721,627678,61769792
17,OO,SkyWest Airlines,Regional,41097,0.093,6.65,1.161,3540039,348375238
17,QX,Horizon Air,Regional,1067,0.383,17.75,2.236,62088,6110080
17,UA,United Airlines,Network,33893,0.199,10.8,1.303,2154227,211997479
17,WN,Southwest Airlines,Low-cost,34731,0.582,28.98,2.826,2447842,240892131
17,YV,Mesa Airlines,Regional,2282,0.209,14.89,1.432,210080,20673973
17,YX,Republic Airways,Regional,15477,0.357,19.26,1.52,1205181,118601862
18,9E,Endeavor Air,Regional,4847,0.206,12.97,1.319,405286,39884195
18,AA,American Airlines,Network,39212,0.188,11.52,1.701,2625877,258412556
18,AS,Alaska Airlines,Network,11021,0.171,7.36,1.223,573975,56484880
18,B6,JetBlue Airways,Low-cost,13587,0.335,20.12,1.482,1144312,112611744
18,DL,Delta Air Lines,Network,31148,0.164,8.8,1.22,2568002,252717077
18,F9,Frontier Airlines,Ultra low-cost,6952,0.432,28.63,2.058,635591,62548510
18,HA,Hawaiian Airlines,Network,830,0.507,22.29,2.756,55494,5461165
18,MQ,Envoy Air,Regional,9136,0.295,13.72,1.658,517214,50899030
18,NK,Spirit Airlines,Ultra low-cost,14678,0.209,11.8,1.278,1154538,113618085
18,OH,PSA Airlines,Regional,9232,0.331,18.39,2.138,640910,63071953
18,OO,SkyWest Airlines,Regional,40413,0.063,4.43,1.077,3550333,349388271
18,QX,Horizon Air,Regional,1166,0.264,12.21,1.71,63756,6274228
18,UA,United Airlines,Network,41535,0.093,5.25,1.14,2305192,226853945
18,WN,Southwest Airlines,Low-cost,40249,0.369,18.07,2.218,2345436,230814357
18,YV,Mesa Airlines,Regional,2547,0.112,9.28,1.317,240676,23684925
18,YX,Republic Airways,Regional,13169,0.222,11.75,1.355,923851,90916177
19,9E,Endeavor Air,Regional,3367,0.144,10.63,1.202,314803,30979763
19,AA,American Airlines,Network,37164,0.096,6.8,1.299,2283297,224699258
19,AS,Alaska Airlines,Network,7705,0.116,4.57,1.145,369860,36397923
19,B6,JetBlue Airways,Low-cost,11271,0.267,15.89,1.473,860306,84662713
19,DL,Delta Air Lines,Network,23279,0.118,6.7,1.162,2011735,197974841
19,F9,Frontier Airlines,Ultra low-cost,6221,0.378,25.02,2.263,540293,53170234
19,HA,Hawaiian Airlines,Network,566,0.383,18.28,2.037,29795,2932126
19,MQ,Envoy Air,Regional,7410,0.076,3.68,1.212,357817,35212771
19,NK,Spirit Airlines,Ultra low-cost,12124,0.131,7.5,1.165,929504,91472489
19,OH,PSA Airlines,Regional,5065,0.134,7.6,1.425,329060,32382795
19,OO,SkyWest Airlines,Regional,27249,0.039,2.98,1.041,2350416,231304439
19,QX,Horizon Air,Regional,1161,0.158,5.91,1.182,53528,5267690
19,UA,United Airlines,Network,24291,0.103,6.2,1.173,1390826,136871187
19,WN,Southwest Airlines,Low-cost,34877,0.235,11.11,1.79,1762923,173489252
19,YV,Mesa Airlines,Regional,1685,0.034,3.96,1.07,159416,15688129
19,YX,Republic Airways,Regional,8811,0.135,6.83,1.212,596010,58653344
20,9E,Endeavor Air,Regional,2809,0.049,6.15,1.028,219955,21645772
20,AA,American Airlines,Network,30692,0.076,6.7,1.17,1928342,189768136
20,AS,Alaska Airlines,Network,6589,0.062,2.57,1.094,293895,28922207
20,B6,JetBlue Airways,Low-cost,14713,0.173,10.53,1.272,1019089,100288548
20,DL,Delta Air Lines,Network,27923,0.065,4.77,1.048,2118770,208508156
20,F9,Frontier Airlines,Ultra low-cost,6151,0.245,17.78,1.609,529799,52137520
20,HA,Hawaiian Airlines,Network,520,0.202,9.41,1.496,22717,2235580
20,MQ,Envoy Air,Regional,6772,0.044,1.98,1.11,335354,33002187
20,NK,Spirit Airlines,Ultra low-cost,15392,0.069,4.11,1.139,1092879,107550222
20,OH,PSA Airlines,Regional,8617,0.044,2.46,1.188,482237,47456943
20,OO,SkyWest Airlines,Regional,24341,0.023,2.47,1.026,2137009,210303056
20,QX,Horizon Air,Regional,781,0.072,3.14,1.084,35410,3484698
20,UA,United Airlines,Network,24988,0.095,5.54,1.148,1339851,131854737
20,WN,Southwest Airlines,Low-cost,32373,0.099,4.34,1.291,1388333,136625851
20,YV,Mesa Airlines,Regional,1851,0.025,3.04,1.044,181048,17816934
20,YX,Republic Airways,Regional,7955,0.029,1.82,1.039,462728,45537062
21,9E,Endeavor Air,Regional,3411,0.075,12.3,1.027,306435,30156268
21,AA,American Airlines,Network,23942,0.071,7.69,1.189,1595943,157056751
21,AS,Alaska Airlines,Network,5963,0.146,7.0,1.246,282183,27769629
21,B6,JetBlue Airways,Low-cost,9336,0.079,4.86,1.186,577728,56854212
21,DL,Delta Air Lines,Network,22347,0.076,6.69,1.054,1671869,164528628
21,F9,Frontier Airlines,Ultra low-cost,5985,0.152,11.29,1.262,500905,49294061
21,HA,Hawaiian Airlines,Network,403,0.203,14.36,1.23,29348,2888137
21,MQ,Envoy Air,Regional,4640,0.006,0.5,1.01,231302,22762430
21,NK,Spirit Airlines,Ultra low-cost,11788,0.053,3.11,1.082,826398,81325827
21,OH,PSA Airlines,Regional,2579,0.009,2.14,1.086,172660,16991471
21,OO,SkyWest Airlines,Regional,17876,0.014,2.84,1.035,1797859,176927304
21,QX,Horizon Air,Regional,566,0.074,2.57,1.056,23545,2317063
21,UA,United Airlines,Network,9904,0.071,4.23,1.204,520079,51180974
21,WN,Southwest Airlines,Low-cost,22102,0.026,1.13,1.082,850505,83698197
21,YV,Mesa Airlines,Regional,646,0.036,5.14,1.023,63193,6218823
21,YX,Republic Airways,Regional,4472,0.011,1.31,1.008,261666,25750551
22,9E,Endeavor Air,Regional,1314,0.125,22.73,1.303,144574,14227527
22,AA,American Airlines,Network,16411,0.111,11.94,1.441,1382964,136097487
22,AS,Alaska Airlines,Network,3959,0.232,9.26,1.252,185954,18299733
22,B6,JetBlue Airways,Low-cost,5280,0.129,8.51,1.317,335977,33063497
22,DL,Delta Air Lines,Network,18956,0.098,9.73,1.066,1594816,156945843
22,F9,Frontier Airlines,Ultra low-cost,6405,0.147,12.85,1.313,537551,52900394
22,HA,Hawaiian Airlines,Network,265,0.491,26.59,1.373,21333,2099381
22,MQ,Envoy Air,Regional,2995,0.003,0.48,1.001,157966,15545434
22,NK,Spirit Airlines,Ultra low-cost,8651,0.1,6.19,1.176,636777,62665225
22,OH,PSA Airlines,Regional,4248,0.013,2.53,1.046,269072,26479376
22,OO,SkyWest Airlines,Regional,6209,0.02,4.32,1.066,726307,71475872
22,QX,Horizon Air,Regional,356,0.0,0.0,1.0,12229,1203456
22,UA,United Airlines,Network,7927,0.108,6.06,1.211,450607,44344235
22,WN,Southwest Airlines,Low-cost,14319,0.01,0.38,1.024,537162,52862112
22,YV,Mesa Airlines,Regional,616,0.028,5.71,1.008,63924,6290761
22,YX,Republic Airways,Regional,2557,0.018,2.41,1.007,146722,14438912
23,9E,Endeavor Air,Regional,297,0.135,24.62,1.045,38650,3803547
23,AA,American Airlines,Network,4945,0.184,15.43,1.516,474407,46686393
23,AS,Alaska Airlines,Network,2903,0.333,14.14,1.368,150930,14853021
23,B6,JetBlue Airways,Low-cost,2571,0.257,15.97,1.668,206768,20348039
23,DL,Delta Air Lines,Network,11954,0.138,12.22,1.091,1042343,102576975
23,F9,Frontier Airlines,Ultra low-cost,3514,0.263,19.35,1.447,289510,28490679
23,HA,Hawaiian Airlines,Network,200,0.455,27.41,1.358,19990,1967216
23,MQ,Envoy Air,Regional,134,0.007,1.15,1.002,7731,760808
23,NK,Spirit Airlines,Ultra low-cost,2984,0.259,16.13,1.296,234779,23104601
23,OH,PSA Airlines,Regional,398,0.03,3.82,1.091,24181,2379652
23,OO,SkyWest Airlines,Regional,2040,0.019,3.26,1.027,220929,21741623
23,QX,Horizon Air,Regional,311,0.0,0.0,1.0,11754,1156711
23,UA,United Airlines,Network,3747,0.296,12.09,1.408,239681,23587007
23,WN,Southwest Airlines,Low-cost,738,0.008,0.16,1.003,27410,2697418
23,YV,Mesa Airlines,Regional,4,0.0,0.0,1.0,749,73709
23,YX,Republic Airways,Regional,59,0.085,7.31,1.017,4913,483488
24,AA,American Airlines,Network,1551,0.24,14.01,1.246,158604,15608220
24,AS,Alaska Airlines,Network,834,0.376,16.56,1.336,47983,4722007
24,B6,JetBlue Airways,Low-cost,1163,0.207,12.92,1.231,100081,9848971
24,DL,Delta Air Lines,Network,1378,0.245,13.29,1.181,119609,11770722
24,F9,Frontier Airlines,Ultra low-cost,684,0.265,20.46,1.288,60781,5981458
24,HA,Hawaiian Airlines,Network,42,0.143,9.1,1.038,2669,262656
24,MQ,Envoy Air,Regional,8,0.375,84.13,1.249,2361,232346
24,NK,Spirit Airlines,Ultra low-cost,782,0.423,26.73,1.425,74389,7320621
24,OH,PSA Airlines,Regional,5,0.4,126.8,1.304,1563,153815
24,OO,SkyWest Airlines,Regional,93,0.075,4.86,1.049,7787,766319
24,QX,Horizon Air,Regional,7,0.143,3.0,1.07,472,46450
24,UA,United Airlines,Network,2273,0.242,11.68,1.227,143597,14131381
24,WN,Southwest Airlines,Low-cost,18,0.0,0.0,1.0,440,43300
24,YV,Mesa Airlines,Regional,7,0.0,0.0,1.0,1447,142399
24,YX,Republic Airways,Regional,2,0.0,0.0,1.0,43,4232
