airport_code,airport_name,city,country,latitude,longitude,timezone,departures,arrivals,departure_share,size_band,is_mapped
ATL,Hartsfield Jackson Atlanta International Airport,Atlanta,United States,33.6367,-84.428101,America/New_York,1624031,1623924,0.048257989657476144,Large,true
DFW,Dallas Fort Worth International Airport,Dallas-Fort Worth,United States,32.896801,-97.038002,America/Chicago,1471806,1471691,0.0437346323597341,Large,true
DEN,Denver International Airport,Denver,United States,39.861698150635,-104.672996521,America/Denver,1448055,1447951,0.04302887273300609,Large,true
ORD,Chicago O'Hare International Airport,Chicago,United States,41.9786,-87.9048,America/Chicago,1367471,1367378,0.04063432371358586,Large,true
CLT,Charlotte Douglas International Airport,Charlotte,United States,35.2140007019043,-80.94309997558594,America/New_York,1001757,1001776,0.029767152810078336,Large,true
LAX,Los Angeles International Airport,Los Angeles,United States,33.94250107,-118.4079971,America/Los_Angeles,944352,944315,0.02806136646961598,Large,true
PHX,Phoenix Sky Harbor International Airport,Phoenix,United States,33.43429946899414,-112.01200103759766,America/Phoenix,892857,892818,0.026531195446149226,Large,true
LAS,McCarran International Airport,Las Vegas,United States,36.08010101,-115.1520004,America/Los_Angeles,880847,880882,0.02617431897286375,Large,true
SEA,Seattle Tacoma International Airport,Seattle,United States,47.449001,-122.308998,America/Los_Angeles,834405,834327,0.02479429755968105,Large,true
MCO,Orlando International Airport,Orlando,United States,28.429399490356445,-81.30899810791016,America/New_York,763365,763361,0.022683347962495343,Large,true
LGA,La Guardia Airport,New York,United States,40.77719879,-73.87259674,America/New_York,718699,718692,0.02135610028924229,Large,true
BOS,General Edward Lawrence Logan International Airport,Boston,United States,42.36429977,-71.00520325,America/New_York,653460,653444,0.019417527080193887,Large,true
DCA,Ronald Reagan Washington National Airport,Washington,United States,38.8521,-77.037697,America/New_York,647058,647144,0.01922729201092048,Large,true
SFO,San Francisco International Airport,San Francisco,United States,37.61899948120117,-122.375,America/Los_Angeles,643918,644049,0.019133987087846673,Large,true
DTW,Detroit Metropolitan Wayne County Airport,Detroit,United States,42.212398529052734,-83.35340118408203,America/New_York,635296,635249,0.018877784843661212,Large,true
EWR,Newark Liberty International Airport,Newark,United States,40.692501068115234,-74.168701171875,America/New_York,607866,607869,0.01806270393922985,Large,true
MSP,Minneapolis-St Paul International/Wold-Chamberlain Airport,Minneapolis,United States,44.882,-93.221802,America/Chicago,603060,603077,0.01791989392002835,Large,true
IAH,George Bush Intercontinental Houston Airport,Houston,United States,29.984399795532227,-95.34140014648438,America/Chicago,599998,599948,0.017828906762559563,Large,true
JFK,John F Kennedy International Airport,New York,United States,40.63980103,-73.77890015,America/New_York,580394,580298,0.017246375007165016,Large,true
SLC,Salt Lake City International Airport,Salt Lake City,United States,40.78839874267578,-111.97799682617188,America/Denver,567661,567496,0.01686801462961764,Large,true
MIA,Miami International Airport,Miami,United States,25.79319953918457,-80.29060363769531,America/New_York,523267,523262,0.015548849421038496,Large,true
BNA,Nashville International Airport,Nashville,United States,36.1245002746582,-86.6781997680664,America/Chicago,464267,464272,0.013795667745447887,Large,true
PHL,Philadelphia International Airport,Philadelphia,United States,39.87189865112305,-75.24109649658203,America/New_York,458975,458910,0.013638416263630505,Large,true
BWI,Baltimore/Washington International Thurgood Marshall Airport,Baltimore,United States,39.1754,-76.668297,America/New_York,452876,452884,0.013457184822284283,Large,true
FLL,Fort Lauderdale Hollywood International Airport,Fort Lauderdale,United States,26.072599,-80.152702,America/New_York,441027,441052,0.01310509245492711,Large,true
SAN,San Diego International Airport,San Diego,United States,32.7336006165,-117.190002441,America/Los_Angeles,432812,432833,0.012860984192808858,Large,true
AUS,Austin Bergstrom International Airport,Austin,United States,30.194499969482422,-97.6698989868164,America/Chicago,415991,416017,0.012361149125603611,Large,true
MDW,Chicago Midway International Airport,Chicago,United States,41.785999,-87.752403,America/Chicago,380092,380093,0.01129441236336586,Large,true
TPA,Tampa International Airport,Tampa,United States,27.975500106811523,-82.533203125,America/New_York,378146,378159,0.011236587083015025,Large,true
DAL,Dallas Love Field,Dallas,United States,32.847099,-96.851799,America/Chicago,343554,343546,0.010208687752133154,Large,true
STL,St Louis Lambert International Airport,St. Louis,United States,38.748697,-90.370003,America/Chicago,298201,298206,0.008861025912589748,Medium,true
PDX,Portland International Airport,Portland,United States,45.58869934,-122.5979996,America/Los_Angeles,294662,294678,0.008755864726997967,Medium,true
HNL,Daniel K Inouye International Airport,Honolulu,United States,21.32062,-157.924228,Pacific/Honolulu,285011,285086,0.008469085805792458,Medium,true
RDU,Raleigh Durham International Airport,Raleigh-durham,United States,35.877601623535156,-78.7874984741211,America/New_York,274300,274304,0.008150809044313628,Medium,true
IAD,Washington Dulles International Airport,Washington,United States,38.94449997,-77.45580292,America/New_York,267449,267382,0.007947231965339538,Medium,true
HOU,William P Hobby Airport,Houston,United States,29.64539909,-95.27890015,America/Chicago,266822,266803,0.007928600695668432,Medium,true
SMF,Sacramento International Airport,Sacramento,United States,38.69540023803711,-121.59100341796875,America/Los_Angeles,262603,262610,0.007803233348391877,Medium,true
SJC,Norman Y. Mineta San Jose International Airport,San Jose,United States,37.362598,-121.929001,America/Los_Angeles,239779,239642,0.007125019474431197,Medium,true
MSY,Louis Armstrong New Orleans International Airport,New Orleans,United States,29.99340057373047,-90.25800323486328,America/Chicago,236646,236690,0.0070319225559629705,Medium,true
MCI,Kansas City International Airport,Kansas City,United States,39.2976,-94.713898,America/Chicago,229259,229257,0.006812418267190296,Medium,true
SNA,John Wayne Airport-Orange County Airport,Santa Ana,United States,33.67570114,-117.8679962,America/Los_Angeles,217378,217380,0.0064593750216361935,Medium,true
IND,Indianapolis International Airport,Indianapolis,United States,39.7173,-86.294403,America/New_York,217319,217361,0.006457621839960603,Medium,true
OAK,Metropolitan Oakland International Airport,Oakland,United States,37.721298,-122.221001,America/Los_Angeles,204831,204787,0.006086541623608476,Medium,true
PIT,Pittsburgh International Airport,Pittsburgh,United States,40.49150085,-80.23290253,America/New_York,202228,202240,0.00600919362527691,Medium,true
CMH,John Glenn Columbus International Airport,Columbus,United States,39.998001,-82.891899,America/New_York,197875,197894,0.005879844475550708,Medium,true
CLE,Cleveland Hopkins International Airport,Cleveland,United States,41.4117012024,-81.8498001099,America/New_York,195866,196067,0.005820147153749665,Medium,true
SAT,San Antonio International Airport,San Antonio,United States,29.533700942993164,-98.46980285644531,America/Chicago,185956,185973,0.00552567206213775,Medium,true
CVG,Cincinnati Northern Kentucky International Airport,Cincinnati,United States,39.0488014221,-84.6678009033,America/New_York,184198,184231,0.005473433191193882,Medium,true
RSW,Southwest Florida International Airport,Fort Myers,United States,26.53619956970215,-81.75520324707031,America/New_York,180375,180379,0.0053598329616043406,Medium,true
SJU,Luis Munoz Marin International Airport,San Juan,Puerto Rico,18.4393997192,-66.0018005371,America/Puerto_Rico,163053,163080,0.004845110707628399,Medium,true
BUR,Bob Hope Airport,Burbank,United States,34.20069885253906,-118.35900115966797,America/Los_Angeles,141787,141804,0.004213192715880774,Medium,true
JAX,Jacksonville International Airport,Jacksonville,United States,30.49410057067871,-81.68789672851562,America/New_York,140262,140270,0.004167877426808305,Medium,true
OGG,Kahului Airport,Kahului,United States,20.8986,-156.429993,Pacific/Honolulu,139073,139060,0.004132546358803607,Medium,true
PBI,Palm Beach International Airport,West Palm Beach,United States,26.68320083618164,-80.09559631347656,America/New_York,134143,134137,0.003986051686589001,Medium,true
MKE,General Mitchell International Airport,Milwaukee,United States,42.947200775146484,-87.89659881591797,America/Chicago,130518,130515,0.003878335015842968,Medium,true
CHS,Charleston Air Force Base-International Airport,Charleston,United States,32.89860153,-80.04049683,America/New_York,122728,122726,0.0036468556047776993,Medium,true
ONT,Ontario International Airport,Ontario,United States,34.055999755859375,-117.60099792480469,America/Los_Angeles,120373,120380,0.0035768769124723456,Medium,true
BOI,Boise Air Terminal/Gowen Field,Boise,United States,43.5644,-116.223,America/Denver,118551,118549,0.003522736285134615,Medium,true
OMA,Eppley Airfield,Omaha,United States,41.3032,-95.894096,America/Chicago,113088,113092,0.0033604035479523862,Medium,true
SDF,Louisville International Standiford Field,Louisville,United States,38.1744,-85.736,America/New_York,111116,111129,0.0033018056790665444,Medium,true
BDL,Bradley International Airport,Windsor Locks,United States,41.9388999939,-72.68319702149999,America/New_York,110486,110487,0.003283085264564475,Medium,true
ABQ,Albuquerque International Sunport,Albuquerque,United States,35.040199,-106.609001,America/Denver,110382,110390,0.0032799949104244507,Medium,true
MEM,Memphis International Airport,Memphis,United States,35.04240036010742,-89.97669982910156,America/Chicago,110289,110283,0.003277231420664622,Medium,true
OKC,Will Rogers World Airport,Oklahoma City,United States,35.39310073852539,-97.60070037841797,America/Chicago,108265,108274,0.0032170883747087674,Medium,true
RNO,Reno Tahoe International Airport,Reno,United States,39.49909973144531,-119.76799774169922,America/Los_Angeles,101864,101863,0.0030268830203790133,Medium,true
ORF,Norfolk International Airport,Norfolk,United States,36.89459991455078,-76.20120239257812,America/New_York,101762,101773,0.0030238520961262975,Medium,true
BUF,Buffalo Niagara International Airport,Buffalo,United States,42.94049835,-78.73220062,America/New_York,98125,98124,0.0029157788460564154,Medium,true
ANC,Ted Stevens Anchorage International Airport,Anchorage,United States,61.174400329589844,-149.99600219726562,America/Anchorage,95010,95020,0.002823216796573962,Medium,true
GEG,Spokane International Airport,Spokane,United States,47.61989974975586,-117.53399658203125,America/Los_Angeles,91909,91913,0.002731070756302666,Medium,true
SAV,Savannah Hilton Head International Airport,Savannah,United States,32.12760162,-81.20210266,America/New_York,91373,91382,0.00271514354650408,Medium,true
RIC,Richmond International Airport,Richmond,United States,37.50519943237305,-77.3197021484375,America/New_York,88921,88925,0.0026422825046642806,Medium,true
TUS,Tucson International Airport,Tucson,United States,32.1161003112793,-110.94100189208984,America/Phoenix,87613,87624,0.0026034153583647463,Medium,true
GRR,Gerald R. Ford International Airport,Grand Rapids,United States,42.88079834,-85.52279663,America/New_York,84776,84796,0.0025191140632181267,Medium,true
ELP,El Paso International Airport,El Paso,United States,31.80719948,-106.3779984,America/Denver,82568,82578,0.0024535034676299223,Small,true
SRQ,Sarasota Bradenton International Airport,Sarasota,United States,27.39539909362793,-82.55439758300781,America/New_York,80573,80584,0.0023942221550400365,Small,true
KOA,Ellison Onizuka Kona International At Keahole Airport,Kona,United States,19.738783,-156.045603,Pacific/Honolulu,80279,80277,0.0023854859616057374,Small,true
TUL,Tulsa International Airport,Tulsa,United States,36.19839859008789,-95.88809967041016,America/Chicago,80008,80018,0.002377433211875482,Small,true
LGB,Long Beach /Daugherty Field/ Airport,Long Beach,United States,33.81769943,-118.1520004,America/Los_Angeles,78650,78657,0.002337080318393244,Small,true
MYR,Myrtle Beach International Airport,Myrtle Beach,United States,33.6796989441,-78.9282989502,America/New_York,77645,77641,0.0023072168000208954,Small,true
BHM,Birmingham-Shuttlesworth International Airport,Birmingham,United States,33.56290054,-86.75350189,America/Chicago,77502,77511,0.0023029675630783625,Small,true
LIH,Lihue Airport,Lihue,United States,21.97599983215332,-159.33900451660156,Pacific/Honolulu,74233,74238,0.002205829412273181,Small,true
DSM,Des Moines International Airport,Des Moines,United States,41.534000396728516,-93.66310119628906,America/Chicago,73080,73092,0.002171568082240029,Small,true
PSP,Palm Springs International Airport,Palm Springs,United States,33.8297004699707,-116.50700378417969,America/Los_Angeles,70847,70852,0.0021052146130604724,Small,true
PVD,Theodore Francis Green State Airport,Providence,United States,41.732601,-71.420403,America/New_York,70582,70589,0.0020973401529921416,Small,true
GSP,Greenville Spartanburg International Airport,Greenville,United States,34.8956985474,-82.2189025879,America/New_York,68201,68210,0.002026588872151782,Small,true
TYS,McGhee Tyson Airport,Knoxville,United States,35.81100082,-83.9940033,America/New_York,68152,68164,0.002025132839912732,Small,true
PNS,Pensacola Regional Airport,Pensacola,United States,30.473400115967,-87.186599731445,America/Chicago,62065,62065,0.0018442579778903585,Small,true
COS,City of Colorado Springs Municipal Airport,Colorado Springs,United States,38.805801,-104.700996,America/Denver,61076,61084,0.0018148698986164753,Small,true
SYR,Syracuse Hancock International Airport,Syracuse,United States,43.11119842529297,-76.1063003540039,America/New_York,59105,59108,0.0017563017446742871,Small,true
FAT,Fresno Yosemite International Airport,Fresno,United States,36.77619934082031,-119.71800231933594,America/Los_Angeles,58811,58817,0.0017475655512399883,Small,true
LIT,Bill & Hillary Clinton National Airport/Adams Field,Little Rock,United States,34.729400634799994,-92.2242965698,America/Chicago,58125,58131,0.0017271810998932906,Small,true
ALB,Albany International Airport,Albany,United States,42.74829864501953,-73.80169677734375,America/New_York,57025,57036,0.0016944946618738046,Small,true
XNA,Northwest Arkansas Regional Airport,Bentonville,United States,36.281898,-94.306801,America/Chicago,56883,56887,0.0016902751398749256,Small,true
ROC,Greater Rochester International Airport,Rochester,United States,43.118900299072266,-77.67240142822266,America/New_York,56100,56095,0.0016670083389937825,Small,true
MSN,Dane County Regional Truax Field,Madison,United States,43.13990020751953,-89.3375015258789,America/Chicago,55575,55575,0.0016514079935753914,Small,true
HPN,Westchester County Airport,White Plains,United States,41.06700134277344,-73.70760345458984,America/New_York,54886,54918,0.0016309343973977316,Small,true
PWM,Portland International Jetport Airport,Portland,United States,43.64619827,-70.30930328,America/New_York,53771,53769,0.0015978022352234346,Small,true
BZN,Gallatin Field,Bozeman,United States,45.77750015,-111.1529999,America/Denver,52741,52744,0.0015671958432597341,Small,true
GSO,Piedmont Triad International Airport,Greensboro,United States,36.097801208496094,-79.93730163574219,America/New_York,50930,50933,0.0015133820803021987,Small,true
AVL,Asheville Regional Airport,Asheville,United States,35.43619918823242,-82.54180145263672,America/New_York,50916,50939,0.0015129660710910416,Small,true
VPS,Destin-Ft Walton Beach Airport,Valparaiso,United States,30.4832,-86.525398,America/Chicago,49826,49837,0.0014805767825080965,Small,true
SFB,Orlando Sanford International Airport,Sanford,United States,28.777599334716797,-81.23750305175781,America/New_York,47927,47958,0.001424148104509002,Small,true
ICT,Wichita Eisenhower National Airport,Wichita,United States,37.649899,-97.433098,America/Chicago,47641,47642,0.0014156496306239356,Small,true
MAF,Midland International Airport,Midland,United States,31.9424991607666,-102.2020034790039,America/Chicago,43844,43853,0.001302821989569401,Small,true
EYW,Key West International Airport,Key West,United States,24.556100845336914,-81.75959777832031,America/New_York,41051,41048,0.0012198281519435609,Small,true
PIE,St Petersburg Clearwater International Airport,St. Petersburg,United States,27.91020012,-82.68740082,America/New_York,40875,40887,0.0012145983218604431,Small,true
EUG,Mahlon Sweet Field,Eugene,United States,44.12459945678711,-123.21199798583984,America/Los_Angeles,40595,40589,0.0012062781376373012,Small,true
ECP,Northwest Florida Beaches International Airport,Panama City,United States,30.357106,-85.795414,America/Chicago,40099,40098,0.0011915395255848785,Small,true
LEX,Blue Grass Airport,Lexington KY,United States,38.0364990234375,-84.60590362548828,America/New_York,39997,39986,0.0011885086013321625,Small,true
HSV,Huntsville International Carl T Jones Field,Huntsville,United States,34.637199401855,-86.775100708008,America/Chicago,39965,39972,0.001187557723135232,Small,true
SGF,Springfield Branson National Airport,Springfield,United States,37.24570084,-93.38860321,America/Chicago,39544,39539,0.001175047731856865,Small,true
CID,The Eastern Iowa Airport,Cedar Rapids,United States,41.884700775146484,-91.71080017089844,America/Chicago,39345,39339,0.0011691344580697035,Small,true
SBA,Santa Barbara Municipal Airport,Santa Barbara,United States,34.42620087,-119.8399963,America/Los_Angeles,37325,37332,0.0011091102718884657,Small,true
DAY,James M Cox Dayton International Airport,Dayton,United States,39.902400970458984,-84.21939849853516,America/New_York,36599,36600,0.001087537222795605,Small,true
FSD,Joe Foss Field Airport,Sioux Falls,United States,43.582000732400004,-96.741897583,America/Chicago,36131,36131,0.0010736306291654965,Small,true
ILM,Wilmington International Airport,Wilmington,United States,34.270599365234375,-77.90260314941406,America/New_York,35772,35774,0.0010629629643936825,Small,true
BTV,Burlington International Airport,Burlington,United States,44.471900939899996,-73.15329742429999,America/New_York,35609,35616,0.0010581194285780677,Small,true
JAN,Jackson-Medgar Wiley Evers International Airport,Jackson,United States,32.3111991882,-90.0758972168,America/Chicago,35021,35021,0.0010406470417094699,Small,true
ASE,Aspen-Pitkin Co/Sardy Field,Aspen,United States,39.22320175,-106.8690033,America/Denver,34531,34533,0.0010260867193189716,Small,true
RDM,Roberts Field,Redmond-Bend,United States,44.2541008,-121.1500015,America/Los_Angeles,33762,33761,0.0010032359276489855,Small,true
PGD,Charlotte County Airport,Punta Gorda,United States,26.92020035,-81.9905014,America/New_York,32117,32142,0.0009543548453380269,Small,true
FAR,Hector International Airport,Fargo,United States,46.92070007324219,-96.81580352783203,America/Chicago,32075,32074,0.0009531068177045557,Small,true
ITO,Hilo International Airport,Hilo,United States,19.721399307250977,-155.04800415039062,Pacific/Honolulu,31822,31821,0.0009455889369600739,Small,true
SBN,South Bend Regional Airport,South Bend,United States,41.70869827270508,-86.31729888916016,America/New_York,31271,31274,0.0009292160030066769,Small,true
AZA,Phoenix-Mesa-Gateway Airport,Mesa,United States,33.30780029,-111.6549988,America/Phoenix,29650,29675,0.0008810480793434162,Small,true
LBB,Lubbock Preston Smith International Airport,Lubbock,United States,33.663601,-101.822998,America/Chicago,29632,29634,0.0008805132103576428,Small,true
MHT,Manchester-Boston Regional Airport,Manchester NH,United States,42.932598,-71.435699,America/New_York,29509,29512,0.0008768582722881912,Small,true
MFR,Rogue Valley International Medford Airport,Medford,United States,42.37419891357422,-122.87300109863281,America/Los_Angeles,29373,29374,0.0008728170399512366,Small,true
CAE,Columbia Metropolitan Airport,Columbia,United States,33.93880081176758,-81.11949920654297,America/New_York,29131,29132,0.0008656260235869496,Small,true
PSC,Tri Cities Airport,Pasco,United States,46.26470184326172,-119.11900329589844,America/Los_Angeles,28711,28714,0.0008531457472522369,Small,true
JAC,Jackson Hole Airport,Jacksn Hole,United States,43.6072998046875,-110.73799896240234,America/Denver,28448,28454,0.0008453307170712143,Small,true
ATW,Appleton International Airport,Appleton,United States,44.258098602299995,-88.5190963745,America/Chicago,28256,28265,0.0008396254478896313,Small,true
CHA,Lovell Field,Chattanooga,United States,35.035301208496094,-85.20379638671875,America/New_York,28035,28033,0.0008330584453420801,Small,true
STT,Cyril E. King Airport,St. Thomas,Virgin Islands,18.337299346923828,-64.97339630126953,America/St_Thomas,27387,27388,0.0008138031618542375,Small,true
MDT,Harrisburg International Airport,Harrisburg,United States,40.1935005188,-76.7633972168,America/New_York,26138,26136,0.0007766891972302938,Small,true
FWA,Fort Wayne International Airport,Fort Wayne,United States,40.97850037,-85.19509888,America/New_York,26022,26019,0.0007732422637664209,Small,true
TLH,Tallahassee Regional Airport,Tallahassee,United States,30.396499633789062,-84.35030364990234,America/New_York,25989,25988,0.0007722616706258362,Small,true
RAP,Rapid City Regional Airport,Rapid City,United States,44.0452995300293,-103.05699920654297,America/Denver,25260,25254,0.0007505994767020133,Small,true
AMA,Rick Husband Amarillo International Airport,Amarillo,United States,35.219398,-101.706001,America/Chicago,24947,24949,0.0007412986993382869,Small,true
SBP,San Luis County Regional Airport,San Luis Obispo,United States,35.236801147499996,-120.641998291,America/Los_Angeles,24355,24355,0.0007237074526950726,Small,true
ISP,Long Island Mac Arthur Airport,Islip,United States,40.79520035,-73.10019684,America/New_York,23824,23828,0.0007079288176147571,Small,true
MSO,Missoula International Airport,Missoula,United States,46.91630173,-114.0910034,America/Denver,23296,23297,0.0006922393273654039,Small,true
JNU,Juneau International Airport,Juneau,United States,58.35499954223633,-134.5760040283203,America/Anchorage,22908,22909,0.0006807099292276215,Small,true
SHV,Shreveport Regional Airport,Shreveport,United States,32.446602,-93.8256,America/Chicago,22841,22845,0.0006787190280027984,Small,true
BTR,Baton Rouge Metropolitan Airport,Baton Rouge,United States,30.533199,-91.149597,America/Chicago,22322,22324,0.0006632969722463318,Small,true
BIL,Billings Logan International Airport,Billings,United States,45.807701110839844,-108.54299926757812,America/Denver,22098,22095,0.0006566408248678183,Small,true
FCA,Glacier Park International Airport,Kalispell,United States,48.31050109863281,-114.25599670410156,America/Denver,21868,21865,0.0006498063878273803,Small,true
TVC,Cherry Capital Airport,Traverse City,United States,44.74140167236328,-85.58219909667969,America/New_York,21793,21795,0.0006475777670533245,Small,true
BGR,Bangor International Airport,Bangor,United States,44.80739974975586,-68.8281021118164,America/New_York,21769,21765,0.0006468646084056266,Small,true
MRY,Monterey Peninsula Airport,Monterey,United States,36.58700180053711,-121.84300231933594,America/Los_Angeles,21317,21320,0.0006334334538739833,Small,true
GRB,Austin Straubel International Airport,Green Bay,United States,44.48509979248047,-88.12960052490234,America/Chicago,20819,20820,0.0006186354119342523,Small,true
ABE,Lehigh Valley International Airport,Allentown,United States,40.652099609375,-75.44080352783203,America/New_York,20689,20693,0.0006147724692592222,Small,true
MFE,Mc Allen Miller International Airport,Mcallen,United States,26.17580032,-98.23860168,America/Chicago,20464,20463,0.0006080866069370546,Small,true
GJT,Grand Junction Regional Airport,Grand Junction,United States,39.1223983765,-108.527000427,America/Denver,20131,20124,0.0005981915307002466,Small,true
BIS,Bismarck Municipal Airport,Bismarck,United States,46.772701263427734,-100.74600219726562,America/Chicago,19619,19617,0.0005829774795493586,Small,true
FAI,Fairbanks International Airport,Fairbanks,United States,64.81510162,-147.8560028,America/Anchorage,19572,19577,0.0005815808771976169,Small,true
MLI,Quad City International Airport,Moline,United States,41.44850158691406,-90.50749969482422,America/Chicago,19568,19568,0.0005814620174230006,Small,true
IDA,Idaho Falls Regional Airport,Idaho Falls,United States,43.514599,-112.070999,America/Denver,19503,19502,0.0005795305460854855,Small,true
STS,Charles M. Schulz Sonoma County Airport,Santa Rosa,United States,38.50899887,-122.8130035,America/Los_Angeles,19493,19495,0.0005792333966489448,Small,true
HRL,Valley International Airport,Harlingen,United States,26.228500366210938,-97.65440368652344,America/Chicago,18998,19001,0.0005645244995401761,Small,true
CRP,Corpus Christi International Airport,Corpus Christi,United States,27.77039909362793,-97.5011978149414,America/Chicago,18929,18932,0.0005624741684280447,Small,true
PIA,General Wayne A. Downing Peoria International Airport,Peoria,United States,40.664199829100006,-89.6932983398,America/Chicago,18847,18847,0.0005600375430484103,Small,true
DRO,Durango La Plata County Airport,Durango,United States,37.1515007019,-107.753997803,America/Denver,18725,18729,0.0005564123199226128,Small,true
AGS,Augusta Regional At Bush Field,Bush Field,United States,33.36989974975586,-81.9645004272461,America/New_York,17451,17445,0.0005185554817073172,Small,true
SGU,St George Municipal Airport,Saint George,United States,37.036389,-113.510306,America/Denver,16828,16828,0.0005000430718108266,Small,true
EGE,Eagle County Regional Airport,Vail,United States,39.64260101,-106.9179993,America/Denver,16556,16557,0.0004919606071369173,Non-hub,true
GPT,Gulfport Biloxi International Airport,Gulfport,United States,30.40730094909668,-89.07009887695312,America/Chicago,15995,15995,0.0004752905237469795,Non-hub,true
GNV,Gainesville Regional Airport,Gainesville,United States,29.6900997162,-82.2717971802,America/New_York,15906,15907,0.0004726458937617666,Non-hub,true
CAK,Akron Canton Regional Airport,Akron,United States,40.916099548339844,-81.44219970703125,America/New_York,15512,15517,0.0004609382059620598,Non-hub,true
CRW,Yeager Airport,Charleston,United States,38.37310028076172,-81.59320068359375,America/New_York,15446,15445,0.0004589770196808906,Non-hub,true
LFT,Lafayette Regional Airport,Lafayette,United States,30.20529938,-91.98760223,America/Chicago,15402,15402,0.00045766956216011117,Non-hub,true
ACY,Atlantic City International Airport,Atlantic City,United States,39.45759963989258,-74.57720184326172,America/New_York,15158,15152,0.0004504191159085161,Non-hub,true
DAB,Daytona Beach International Airport,Daytona Beach,United States,29.179899,-81.058098,America/New_York,14880,14878,0.0004421583615726824,Non-hub,true
MTJ,Montrose Regional Airport,Montrose CO,United States,38.509799957300004,-107.893997192,America/Denver,14139,14140,0.00042013958832501055,Non-hub,true
BLI,Bellingham International Airport,Bellingham,United States,48.79280090332031,-122.53800201416016,America/Los_Angeles,13743,13753,0.0004083724706379956,Non-hub,true
MLB,Melbourne International Airport,Melbourne,United States,28.102800369262695,-80.64530181884766,America/New_York,13494,13494,0.00040097344966813015,Non-hub,true
BFL,Meadows Field,Bakersfield,United States,35.43360138,-119.0569992,America/Los_Angeles,13460,13462,0.0003999631415838915,Non-hub,true
MOB,Mobile Regional Airport,Mobile,United States,30.691200256348,-88.242797851562,America/Chicago,13440,13440,0.0003993688427108099,Non-hub,true
FNT,Bishop International Airport,Flint,United States,42.96540069580078,-83.74359893798828,America/New_York,13136,13139,0.00039033549983997015,Non-hub,true
GTF,Great Falls International Airport,Great Falls,United States,47.48199844,-111.3710022,America/Denver,12823,12821,0.00038103472247624375,Non-hub,true
CHO,Charlottesville Albemarle Airport,Charlottesville VA,United States,38.13859939575195,-78.4529037475586,America/New_York,12671,12673,0.00037651805104082386,Non-hub,true
MGM,Montgomery Regional (Dannelly Field) Airport,MONTGOMERY,United States,32.30059814,-86.39399719,America/Chicago,12633,12633,0.0003753888831819689,Non-hub,true
MOT,Minot International Airport,Minot,United States,48.2593994140625,-101.27999877929688,America/Chicago,12308,12304,0.0003657315264943935,Non-hub,true
HDN,Yampa Valley Airport,Hayden,United States,40.48120117,-107.2180023,America/Denver,12186,12186,0.000362106303368596,Non-hub,true
KTN,Ketchikan International Airport,Ketchikan,United States,55.35559845,-131.7140045,America/Anchorage,12020,12018,0.000357173622722019,Non-hub,true
SAF,Santa Fe Municipal Airport,Santa Fe,United States,35.617099762,-106.088996887,America/Denver,11914,11914,0.0003540238386946867,Non-hub,true
TRI,Tri-Cities Regional TN/VA Airport,BRISTOL,United States,36.475201,-82.407401,America/New_York,11753,11753,0.0003492397327663801,Non-hub,true
BQN,Rafael Hernandez Airport,Aguadilla,Puerto Rico,18.49489974975586,-67.12940216064453,America/Puerto_Rico,11631,11633,0.0003456145096405826,Non-hub,true
HHH,Hilton Head Airport,Hilton Head Island,United States,32.2243995667,-80.6975021362,America/New_York,11553,11550,0.0003432967440355645,Non-hub,true
ROA,Roanoke–Blacksburg Regional Airport,Roanoke VA,United States,37.3255,-79.975403,America/New_York,10992,10992,0.0003266266606456267,Non-hub,true
BMI,Central Illinois Regional Airport at Bloomington-Normal,Bloomington,United States,40.47710037,-88.91590118,America/Chicago,10551,10553,0.00031352237049417825,Non-hub,true
EVV,Evansville Regional Airport,Evansville,United States,38.0369987488,-87.5324020386,America/Chicago,10234,10234,0.0003041027333558355,Non-hub,true
SUN,Friedman Memorial Airport,Hailey,United States,43.50439835,-114.2959976,America/Denver,10215,10218,0.000303538149426408,Non-hub,true
GRK,Robert Gray  Army Air Field Airport,Killeen,United States,31.067199707,-97.82890319820001,America/Chicago,10198,10200,0.0003030329953842887,Non-hub,true
DLH,Duluth International Airport,Duluth,United States,46.8420982361,-92.19360351559999,America/Chicago,9929,9929,0.00029503967554134165,Non-hub,true
FLG,Flagstaff Pulliam Airport,Flagstaff,United States,35.13850021,-111.6709976,America/Phoenix,9433,9434,0.0002803010634889189,Non-hub,true
PVU,Provo Municipal Airport,Provo,United States,40.219200134277,-111.72299957275,America/Denver,9423,9418,0.00028000391405237813,Non-hub,true
AEX,Alexandria International Airport,Alexandria,United States,31.32740020751953,-92.54979705810547,America/Chicago,9389,9389,0.00027899360596813944,Non-hub,true
TTN,Trenton Mercer Airport,Trenton,United States,40.27669906616211,-74.8134994506836,America/New_York,9279,9281,0.0002757249621661909,Non-hub,true
ABI,Abilene Regional Airport,Abilene,United States,32.4113006592,-99.68190002440001,America/Chicago,9174,9175,0.00027260489308251264,Non-hub,true
MLU,Monroe Regional Airport,Monroe,United States,32.51089859008789,-92.0376968383789,America/Chicago,9174,9173,0.00027260489308251264,Non-hub,true
PAE,Snohomish County (Paine Field) Airport,Everett,United States,47.90629959,-122.2819977,America/Los_Angeles,9115,9115,0.00027085171140692205,Non-hub,true
ACV,California Redwood Coast-Humboldt County Airport,Arcata CA,United States,40.978101,-124.109,America/Los_Angeles,9087,9088,0.0002700196929846079,Non-hub,true
LAN,Capital City Airport,Lansing,United States,42.77870178222656,-84.58740234375,America/New_York,8846,8846,0.000262858391563975,Non-hub,true
CPR,Casper-Natrona County International Airport,Casper,United States,42.908001,-106.463997,America/Denver,8831,8832,0.00026241266740916386,Non-hub,true
AVP,Wilkes Barre Scranton International Airport,Scranton,United States,41.338500976599995,-75.72339630130001,America/New_York,8746,8746,0.0002598868971985672,Non-hub,true
YUM,Yuma MCAS/Yuma International Airport,Yuma,United States,32.65660095,-114.6060028,America/Phoenix,8650,8650,0.00025703426260777575,Non-hub,true
XWA,Williston Basin International Airport,Williston,United States,48.2581,-103.7486,America/Chicago,8648,8649,0.0002569748327204676,Non-hub,true
COU,Columbia Regional Airport,Columbia,United States,38.81809997558594,-92.21959686279297,America/Chicago,8628,8632,0.000256380533847386,Non-hub,true
MBS,MBS International Airport,Saginaw,United States,43.532901763916016,-84.07959747314453,America/New_York,8520,8521,0.00025317131993274556,Non-hub,true
FAY,Fayetteville Regional Grannis Field,Fayetteville,United States,34.9911994934082,-78.88030242919922,America/New_York,8438,8436,0.00025073469455311117,Non-hub,true
RST,Rochester International Airport,Rochester,United States,43.90829849243164,-92.5,America/Chicago,8327,8326,0.0002474363358075085,Non-hub,true
ACK,Nantucket Memorial Airport,Nantucket,United States,41.25310135,-70.06020355,America/New_York,8107,8107,0.0002408990482036113,Non-hub,true
OAJ,Albert J Ellis Airport,Jacksonville NC,United States,34.8292007446,-77.61209869380001,America/New_York,7945,7943,0.00023608522733165066,Non-hub,true
LRD,Laredo International Airport,Laredo,United States,27.543800354003906,-99.46160125732422,America/Chicago,7804,7805,0.00023189542027642564,Non-hub,true
HLN,Helena Regional Airport,Helena,United States,46.6068000793457,-111.98300170898438,America/Denver,7692,7692,0.0002285673465871689,Non-hub,true
RDD,Redding Municipal Airport,Redding,United States,40.50899887,-122.2929993,America/Los_Angeles,7669,7669,0.0002278839028831251,Non-hub,true
BRO,Brownsville South Padre Island International Airport,Brownsville,United States,25.90679931640625,-97.4259033203125,America/Chicago,7630,7631,0.00022672502008061604,Non-hub,true
CMI,University of Illinois Willard Airport,Champaign,United States,40.03919983,-88.27809906,America/Chicago,7405,7403,0.00022003915775844847,Non-hub,true
AZO,Kalamazoo Battle Creek International Airport,Kalamazoo,United States,42.234901428222656,-85.5521011352539,America/New_York,6910,6910,0.0002053302606496798,Non-hub,true
SJT,San Angelo Regional Mathis Field,San Angelo,United States,31.35770034790039,-100.49600219726562,America/Chicago,6827,6827,0.0002028639203263913,Non-hub,true
LNK,Lincoln Airport,Lincoln,United States,40.85100173950195,-96.75920104980469,America/Chicago,6824,6826,0.0002027747754954291,Non-hub,true
SIT,Sitka Rocky Gutierrez Airport,Sitka,United States,57.04710006713867,-135.36199951171875,America/Anchorage,6685,6686,0.00019864439832751221,Non-hub,true
ACT,Waco Regional Airport,Waco,United States,31.611299514770508,-97.23049926757812,America/Chicago,6566,6566,0.00019510832003267692,Non-hub,true
MHK,Manhattan Regional Airport,Manhattan,United States,39.14099884033203,-96.6707992553711,America/Chicago,6564,6566,0.00019504889014536879,Non-hub,true
CWA,Central Wisconsin Airport,Wassau,United States,44.7775993347,-89.6668014526,America/Chicago,6483,6482,0.00019264197970938845,Non-hub,true
STX,Henry E Rohlsen Airport,St. Croix Island,Virgin Islands,17.701900482177734,-64.79859924316406,America/St_Thomas,6288,6288,0.0001868475656968432,Non-hub,true
FSM,Fort Smith Regional Airport,Fort Smith,United States,35.33660125732422,-94.36740112304688,America/Chicago,6196,6197,0.00018411379088066802,Non-hub,true
CLL,Easterwood Field,College Station,United States,30.58860016,-96.36380005,America/Chicago,6136,6137,0.00018233089426142335,Non-hub,true
GFK,Grand Forks International Airport,Grand Forks,United States,47.949299,-97.176102,America/Chicago,6111,6109,0.0001815880206700714,Non-hub,true
ORH,Worcester Regional Airport,Worcester,United States,42.26729965209961,-71.87570190429688,America/New_York,5926,5935,0.00017609075609406694,Non-hub,true
BLV,Scott AFB/Midamerica Airport,Belleville,United States,38.5452,-89.835197,America/Chicago,5909,5898,0.0001755856020519476,Non-hub,true
TYR,Tyler Pounds Regional Airport,Tyler,United States,32.35409927368164,-95.40239715576172,America/Chicago,5899,5899,0.00017528845261540683,Non-hub,true
LCH,Lake Charles Regional Airport,Lake Charles,United States,30.126100540161133,-93.22329711914062,America/Chicago,5557,5558,0.0001651259418857121,Non-hub,true
LAW,Lawton Fort Sill Regional Airport,Lawton,United States,34.5676994324,-98.4166030884,America/Chicago,5519,5519,0.00016399677402685714,Non-hub,true
MQT,Sawyer International Airport,Gwinn,United States,46.353599548300004,-87.395401001,America/New_York,5378,5377,0.00015980696697163213,Non-hub,true
ELM,Elmira Corning Regional Airport,Elmira,United States,42.1599006652832,-76.8916015625,America/New_York,5342,5338,0.0001587372290000853,Non-hub,true
MVY,Martha's Vineyard Airport,Vineyard Haven MA,United States,41.3931007385,-70.6143035889,America/New_York,5333,5333,0.00015846979450719861,Non-hub,true
LCK,Rickenbacker International Airport,Columbus,United States,39.813801,-82.927803,America/New_York,5279,5274,0.0001568651875498784,Non-hub,true
LSE,La Crosse Municipal Airport,La Crosse,United States,43.879002,-91.256699,America/Chicago,5174,5173,0.0001537451184662002,Non-hub,true
ROW,Roswell International Air Center Airport,Roswell,United States,33.30160140991211,-104.53099822998047,America/Denver,5151,5151,0.00015306167476215638,Non-hub,true
CSG,Columbus Metropolitan Airport,Columbus,United States,32.516300201416016,-84.93890380859375,America/New_York,5062,5063,0.00015041704477694343,Non-hub,true
GRI,Central Nebraska Regional Airport,Grand Island,United States,40.967498779296875,-98.30960083007812,America/Chicago,4771,4771,0.00014176999617360672,Non-hub,true
LWS,Lewiston Nez Perce County Airport,Lewiston,United States,46.3745002746582,-117.01499938964844,America/Los_Angeles,4706,4706,0.00013983852483609162,Non-hub,true
TXK,Texarkana Regional Webb Field,Texarkana,United States,33.45370101928711,-93.99099731445312,America/Chicago,4683,4684,0.00013915508113204782,Non-hub,true
SPS,Sheppard Air Force Base-Wichita Falls Municipal Airport,Wichita Falls,United States,33.9888,-98.491898,America/Chicago,4547,4548,0.0001351138487950932,Non-hub,true
ABY,Southwest Georgia Regional Airport,Albany,United States,31.535499572753906,-84.19450378417969,America/New_York,4478,4478,0.00013306351768296182,Non-hub,true
GUC,Gunnison Crested Butte Regional Airport,Gunnison,United States,38.53390121,-106.9329987,America/Denver,4367,4368,0.00012976515893735915,Non-hub,true
ADQ,Kodiak Airport,Kodiak,United States,57.75,-152.4940033,America/Anchorage,4332,4332,0.0001287251359094664,Non-hub,true
USA,Concord-Padgett Regional Airport,Concord,United States,35.387798,-80.709099,America/New_York,4309,4307,0.0001280416922054226,Non-hub,true
PLN,Pellston Regional Airport of Emmet County Airport,Pellston,United States,45.57089996,-84.79669952,America/New_York,4140,4160,0.0001230198667278834,Non-hub,true
RHI,Rhinelander Oneida County Airport,Rhinelander,United States,45.63119888305664,-89.46749877929688,America/Chicago,4121,4121,0.00012245528279845592,Non-hub,true
DEC,Decatur Airport,Decatur,United States,39.834598541259766,-88.8656997680664,America/Chicago,4065,4064,0.00012079124595382755,Non-hub,true
RFD,Chicago Rockford International Airport,Rockford,United States,42.19540023803711,-89.09719848632812,America/Chicago,3995,3988,0.00011871119989804208,Non-hub,true
BPT,Southeast Texas Regional Airport,Beaumont,United States,29.9507999420166,-94.02069854736328,America/Chicago,3950,3951,0.00011737402743360857,Non-hub,true
SLN,Salina Municipal Airport,Salina,United States,38.79100036621094,-97.6521987915039,America/Chicago,3914,3916,0.00011630428946206176,Non-hub,true
GGG,East Texas Regional Airport,Longview,United States,32.38399887084961,-94.71150207519531,America/Chicago,3884,3885,0.00011541284115243941,Non-hub,true
PSE,Mercedita Airport,Ponce,Puerto Rico,18.00830078125,-66.56300354003906,America/Puerto_Rico,3856,3864,0.00011458082273012523,Non-hub,true
PRC,Ernest A. Love Field,Prescott,United States,34.65449905,-112.4199982,America/Phoenix,3840,3840,0.00011410538363165997,Non-hub,true
GTR,Golden Triangle Regional Airport,Columbus Mississippi,United States,33.450298309299995,-88.5914001465,America/Chicago,3804,3804,0.00011303564566011316,Non-hub,true
VLD,Valdosta Regional Airport,Valdosta,United States,30.782499313354492,-83.27670288085938,America/New_York,3789,3789,0.000112589921505302,Non-hub,true
JMS,Jamestown Regional Airport,Jamestown,United States,46.92969894,-98.67819977,America/Chicago,3774,3774,0.00011214419735049082,Non-hub,true
CIU,Chippewa County International Airport,Sault Ste Marie,United States,46.25080108642578,-84.47239685058594,America/New_York,3766,3767,0.00011190647780125819,Non-hub,true
SUX,Sioux Gateway Col. Bud Day Field,Sioux City,United States,42.40259933,-96.38439941,America/Chicago,3754,3755,0.00011154989847740927,Non-hub,true
ABR,Aberdeen Regional Airport,Aberdeen,United States,45.449100494384766,-98.42179870605469,America/Chicago,3670,3670,0.0001090538432104667,Non-hub,true
CMX,Houghton County Memorial Airport,Hancock,United States,47.168399810791016,-88.48909759521484,America/New_York,3652,3652,0.00010851897422469329,Non-hub,true
BJI,Bemidji Regional Airport,Bemidji,United States,47.50939941,-94.93370056,America/Chicago,3649,3649,0.00010842982939373105,Non-hub,true
IMT,Ford Airport,Iron Mountain,United States,45.8184013367,-88.1145019531,America/Chicago,3637,3637,0.00010807325006988211,Non-hub,true
GCK,Garden City Regional Airport,Garden City,United States,37.9275016785,-100.723999023,America/Chicago,3634,3634,0.00010798410523891989,Non-hub,true
WRG,Wrangell Airport,Wrangell,United States,56.48429871,-132.3699951,America/Anchorage,3620,3620,0.00010756809602776279,Non-hub,true
YAK,Yakutat Airport,Yakutat,United States,59.5032997131,-139.660003662,America/Anchorage,3620,3620,0.00010756809602776279,Non-hub,true
CDV,Merle K (Mudhole) Smith Airport,Cordova,United States,60.4917984,-145.4779968,America/Anchorage,3620,3619,0.00010756809602776279,Non-hub,true
PSG,Petersburg James A Johnson Airport,Petersburg,United States,56.80170059,-132.9450073,America/Anchorage,3620,3620,0.00010756809602776279,Non-hub,true
GUM,Antonio B. Won Pat International Airport,Agana,Guam,13.4834003448,144.796005249,Pacific/Guam,3618,3616,0.00010750866614045463,Non-hub,true
BET,Bethel Airport,Bethel,United States,60.77980042,-161.8379974,America/Anchorage,3585,3585,0.00010652807299987006,Non-hub,true
JST,John Murtha Johnstown Cambria County Airport,Johnstown,United States,40.31610107421875,-78.83390045166016,America/New_York,3583,3583,0.0001064686431125619,Non-hub,true
LBE,Arnold Palmer Regional Airport,Latrobe,United States,40.27590179,-79.40480042,America/New_York,3582,3579,0.00010643892816890782,Non-hub,true
DHN,Dothan Regional Airport,Dothan,United States,31.321300506591797,-85.44960021972656,America/Chicago,3540,3541,0.00010519090053543655,Non-hub,true
SCE,University Park Airport,State College Pennsylvania,United States,40.8493003845,-77.84870147710001,America/New_York,3530,3529,0.00010489375109889577,Non-hub,true
TWF,Joslin Field Magic Valley Regional Airport,Twin Falls,United States,42.4818,-114.487999,America/Denver,3478,3458,0.0001033485740288837,Non-hub,true
GCC,Gillette Campbell County Airport,Gillette,United States,44.348899841299996,-105.539001465,America/Denver,3477,3478,0.00010331885908522962,Non-hub,true
SWO,Stillwater Regional Airport,Stillwater,United States,36.161201477051,-97.08570098877,America/Chicago,3458,3459,0.00010275427515580214,Non-hub,true
SHR,Sheridan County Airport,Sheridan,United States,44.76919937133789,-106.9800033569336,America/Denver,3454,3454,0.00010263541538118582,Non-hub,true
JLN,Joplin Regional Airport,Joplin,United States,37.151798248291016,-94.49829864501953,America/Chicago,3437,3437,0.00010213026133906649,Non-hub,true
BQK,Brunswick Golden Isles Airport,Brunswick,United States,31.258800506591797,-81.46649932861328,America/New_York,3429,3429,0.00010189254178983387,Non-hub,true
BTM,Bert Mooney Airport,Butte,United States,45.95479965209961,-112.49700164794922,America/Denver,3373,3373,0.0001002285049452055,Non-hub,true
ESC,Delta County Airport,Escanaba,United States,45.7226982117,-87.0936965942,America/New_York,3369,3369,0.00010010964517058918,Non-hub,true
HYS,Hays Regional Airport,Hays,United States,38.84220123,-99.27320099,America/Chicago,3347,3348,9.945591641019946e-05,Non-hub,true
MEI,Key Field,Meridian,United States,32.33259963989258,-88.75189971923828,America/Chicago,3343,3343,9.933705663558315e-05,Non-hub,true
DVL,Devils Lake Regional Airport,Devils Lake,United States,48.11420059,-98.90879822,America/Chicago,3337,3336,9.915876697365868e-05,Non-hub,true
BRD,Brainerd Lakes Regional Airport,Brainerd,United States,46.39830017,-94.13809967,America/Chicago,3285,3284,9.761358990364662e-05,Non-hub,true
HIB,Range Regional Airport,Hibbing,United States,47.38660049,-92.83899689,America/Chicago,3246,3245,9.645470710113758e-05,Non-hub,true
LBF,North Platte Regional Airport Lee Bird Field,North Platte,United States,41.12620163,-100.6839981,America/Chicago,3223,3222,9.577126339709378e-05,Non-hub,true
BFF,Western Neb. Rgnl/William B. Heilig Airport,Scottsbluff,United States,41.87400055,-103.5960007,America/Denver,3207,3205,9.529582429862853e-05,Non-hub,true
PIB,Hattiesburg Laurel Regional Airport,Hattiesburg/Laurel,United States,31.467100143432617,-89.33709716796875,America/Chicago,3165,3164,9.404779666515724e-05,Non-hub,true
INL,Falls International Airport,International Falls,United States,48.566200256347656,-93.4030990600586,America/Chicago,3157,3157,9.381007711592462e-05,Non-hub,true
CDC,Cedar City Regional Airport,Cedar City,United States,37.70100021362305,-113.0989990234375,America/Denver,3125,3124,9.285919891899412e-05,Non-hub,true
LAR,Laramie Regional Airport,Laramie,United States,41.31209945678711,-105.67500305175781,America/Denver,3123,3122,9.279976903168596e-05,Non-hub,true
DDC,Dodge City Regional Airport,Dodge City,United States,37.76340103149414,-99.9655990600586,America/Chicago,3116,3117,9.259176442610742e-05,Non-hub,true
VCT,Victoria Regional Airport,Victoria,United States,28.85260009765625,-96.91850280761719,America/Chicago,3088,3088,9.175974600379323e-05,Non-hub,true
LBL,Liberal Mid-America Regional Airport,Liberal,United States,37.0442009,-100.9599991,America/Chicago,3056,3056,9.080886780686274e-05,Non-hub,true
PIH,Pocatello Regional Airport,Pocatello,United States,42.9098014831543,-112.59600067138672,America/Denver,3033,3031,9.012542410281894e-05,Non-hub,true
SPI,Abraham Lincoln Capital Airport,Springfield,United States,39.84410095,-89.67790222,America/Chicago,3018,3019,8.967969994800776e-05,Non-hub,true
COD,Yellowstone Regional Airport,Cody,United States,44.520198822,-109.024002075,America/Denver,2990,2992,8.884768152569357e-05,Non-hub,true
APN,Alpena County Regional Airport,Alpena,United States,45.0780983,-83.56030273,America/New_York,2960,2960,8.795623321607123e-05,Non-hub,true
PBG,Plattsburgh International Airport,Plattsburgh,United States,44.650901794433594,-73.46810150146484,America/New_York,2932,2928,8.712421479375704e-05,Non-hub,true
MCW,Mason City Municipal Airport,Mason City,United States,43.157798767100005,-93.3312988281,America/Chicago,2925,2926,8.69162101881785e-05,Non-hub,true
FOD,Fort Dodge Regional Airport,Fort Dodge,United States,42.55149841,-94.19259644,America/Chicago,2924,2924,8.688649524452442e-05,Non-hub,true
EWN,Coastal Carolina Regional Airport,New Bern,United States,35.0730018616,-77.04290008539999,America/New_York,2903,2901,8.626248142778878e-05,Non-hub,true
SCK,Stockton Metropolitan Airport,Stockton,United States,37.894199371338,-121.2379989624,America/Los_Angeles,2895,2891,8.602476187855615e-05,Non-hub,true
SWF,Stewart International Airport,Newburgh,United States,41.50410079956055,-74.10479736328125,America/New_York,2889,2886,8.584647221663169e-05,Non-hub,true
RIW,Riverton Regional Airport,Riverton WY,United States,43.064201355,-108.459999084,America/Denver,2772,2772,8.236982380910455e-05,Non-hub,true
RKS,Southwest Wyoming Regional Airport,Rock Springs,United States,41.5942,-109.065001,America/Denver,2762,2762,8.207267437256377e-05,Non-hub,true
CYS,Cheyenne Regional Jerry Olson Field,Cheyenne,United States,41.15570068,-104.8119965,America/Denver,2641,2641,7.847716619042031e-05,Non-hub,true
ITH,Ithaca Tompkins Regional Airport,Ithaca,United States,42.49100112915039,-76.4583969116211,America/New_York,2615,2616,7.770457765541428e-05,Non-hub,true
OME,Nome Airport,Nome,United States,64.51219940185547,-165.44500732421875,America/Anchorage,2567,2566,7.627826036001853e-05,Non-hub,true
OTZ,Ralph Wien Memorial Airport,Kotzebue,United States,66.88469696,-162.598999,America/Anchorage,2564,2564,7.618911552905629e-05,Non-hub,true
TOL,Toledo Express Airport,Toledo,United States,41.58679962,-83.80780029,America/New_York,2561,2557,7.609997069809407e-05,Non-hub,true
CKB,North Central West Virginia Airport,Clarksburg,United States,39.2966003418,-80.2281036377,America/New_York,2507,2503,7.449536374077384e-05,Non-hub,true
SCC,Deadhorse Airport,Deadhorse,United States,70.19470215,-148.4649963,America/Anchorage,2382,2382,7.078099578401408e-05,Non-hub,true
PUW,Pullman Moscow Regional Airport,Pullman,United States,46.7439,-117.110001,America/Los_Angeles,2348,2348,6.977068769977543e-05,Non-hub,true
HTS,Tri-State/Milton J. Ferguson Field,Huntington,United States,38.36669922,-82.55799866,America/New_York,2334,2334,6.935467848861833e-05,Non-hub,true
EKO,Elko Regional Airport,Elko,United States,40.82490158081055,-115.79199981689453,America/Los_Angeles,2276,2276,6.76312117566818e-05,Non-hub,true
EAR,Kearney Regional Airport,Kearney,United States,40.727,-99.0068,America/Chicago,2261,2264,6.718548760187062e-05,Non-hub,true
ALW,Walla Walla Regional Airport,Walla Walla,United States,46.09489822,-118.288002,America/Los_Angeles,2260,2259,6.715577265821655e-05,Non-hub,true
DIK,Dickinson Theodore Roosevelt Regional Airport,Dickinson,United States,46.7974014282,-102.802001953,America/Denver,2223,2224,6.605631974301565e-05,Non-hub,true
CNY,Canyonlands Field,Moab,United States,38.75500107,-109.7549973,America/Denver,2033,2032,6.0410480448740816e-05,Non-hub,true
IAG,Niagara Falls International Airport,Niagara Falls,United States,43.1072998046875,-78.94619750976562,America/New_York,2003,1998,5.951903213911847e-05,Non-hub,true
BGM,Greater Binghamton/Edwin A Link field,Binghamton,United States,42.20869827,-75.97979736,America/New_York,1979,1980,5.8805873491420596e-05,Non-hub,true
PSM,Portsmouth International at Pease Airport,Portsmouth,United States,43.0778999329,-70.8233032227,America/New_York,1929,1928,5.7320126308716694e-05,Non-hub,true
EAU,Chippewa Valley Regional Airport,Eau Claire,United States,44.86579895019531,-91.48429870605469,America/Chicago,1873,1873,5.5656089464088316e-05,Non-hub,true
HOB,Lea County Regional Airport,Hobbs,United States,32.6875,-103.2170029,America/Denver,1853,1855,5.506179059100676e-05,Non-hub,true
OTH,Southwest Oregon Regional Airport,North Bend,United States,43.41709899902344,-124.24600219726562,America/Los_Angeles,1851,1854,5.50023607036986e-05,Non-hub,true
BRW,Wiley Post Will Rogers Memorial Airport,Barrow,United States,71.285402,-156.766008,America/Anchorage,1813,1812,5.387319284484363e-05,Non-hub,true
VEL,Vernal Regional Airport,Vernal,United States,40.4408989,-109.5100021,America/Denver,1807,1809,5.369490318291916e-05,Non-hub,true
SPN,Saipan International Airport,Saipan,Northern Mariana Islands,15.119,145.729004,Pacific/Saipan,1781,1781,5.292231464791313e-05,Non-hub,true
ALO,Waterloo Regional Airport,Waterloo,United States,42.557098388671875,-92.40029907226562,America/Chicago,1711,1712,5.0842268592127664e-05,Non-hub,true
WYS,Yellowstone Airport,West Yellowstone,United States,44.68840027,-111.1179962,America/Denver,1706,1706,5.0693693873857274e-05,Non-hub,true
DRT,Del Rio International Airport,Del Rio,United States,29.3742008209,-100.927001953,America/Chicago,1538,1538,4.570158333997215e-05,Non-hub,true
AKN,King Salmon Airport,King Salmon,United States,58.67679977,-156.6490021,America/Anchorage,1518,1518,4.510728446689058e-05,Non-hub,true
PAH,Barkley Regional Airport,PADUCAH,United States,37.06079864501953,-88.7738037109375,America/Chicago,1493,1492,4.4364410875538634e-05,Non-hub,true
EAT,Pangborn Memorial Airport,Wenatchee,United States,47.3988990784,-120.207000732,America/Los_Angeles,1421,1420,4.222493493244501e-05,Non-hub,true
YKM,Yakima Air Terminal McAllister Field,Yakima,United States,46.56819916,-120.5439987,America/Los_Angeles,1367,1366,4.062032797512479e-05,Non-hub,true
SHD,Shenandoah Valley Regional Airport,Weyers Cave,United States,38.2638015747,-78.8964004517,America/New_York,1307,1307,3.88374313558801e-05,Non-hub,true
DLG,Dillingham Airport,Dillingham,United States,59.04470062,-158.5050049,America/Anchorage,1293,1293,3.842142214472301e-05,Non-hub,true
HGR,Hagerstown Regional Richard A Henson Field,Hagerstown,United States,39.707901,-77.72949982,America/New_York,1229,1227,3.6519665750862005e-05,Non-hub,true
LWB,Greenbrier Valley Airport,Lewisburg,United States,37.8582992554,-80.3994979858,America/New_York,1206,1206,3.583622204681821e-05,Non-hub,true
BIH,Eastern Sierra Regional Airport,Bishop,United States,37.3731,-118.3636,America/Los_Angeles,1194,1194,3.547964272296927e-05,Non-hub,true
MKG,Muskegon County Airport,Muskegon,United States,43.16949844,-86.23819733,America/New_York,1193,1193,3.54499277793152e-05,Non-hub,true
PUB,Pueblo Memorial Airport,Pueblo,United States,38.289100646972656,-104.49700164794922,America/Denver,1149,1148,3.414247025853576e-05,Non-hub,true
CGI,Cape Girardeau Regional Airport,Cape Girardeau,United States,37.22529983520508,-89.57080078125,America/Chicago,1142,1141,3.393446565295721e-05,Non-hub,true
HYA,Barnstable Municipal Boardman Polando Field,Barnstable,United States,41.66930008,-70.28040314,America/New_York,1099,1099,3.2656723075831856e-05,Non-hub,true
PHF,Newport News Williamsburg International Airport,Newport News,United States,37.13190079,-76.49299622,America/New_York,1096,1095,3.256757824486962e-05,Non-hub,true
DBQ,Dubuque Regional Airport,Dubuque IA,United States,42.40200043,-90.70950317,America/Chicago,1024,1024,3.0428102301775992e-05,Non-hub,true
ERI,Erie International Tom Ridge Field,Erie,United States,42.0831270134,-80.1738667488,America/New_York,972,971,2.888292523176393e-05,Non-hub,true
SMX,Santa Maria Pub/Capt G Allan Hancock Field,Santa Maria,United States,34.89889908,-120.4570007,America/Los_Angeles,938,939,2.7872617147525277e-05,Non-hub,true
ATY,Watertown Regional Airport,Watertown,United States,44.91400146,-97.15470123,America/Chicago,918,919,2.727831827444371e-05,Non-hub,true
PIR,Pierre Regional Airport,Pierre,United States,44.38270187,-100.2860031,America/Chicago,903,905,2.6832594119632543e-05,Non-hub,true
OGS,Ogdensburg International Airport,Ogdensburg,United States,44.6819000244,-75.46549987790002,America/New_York,887,887,2.635715502116729e-05,Non-hub,true
ALS,San Luis Valley Regional Bergman Field,Alamosa,United States,37.434898,-105.866997,America/Denver,887,886,2.635715502116729e-05,Non-hub,true
MGW,Morgantown Municipal Walter L. Bill Hart Field,Morgantown,United States,39.64289856,-79.91629791,America/New_York,764,765,2.2702216951715684e-05,Non-hub,true
STC,St Cloud Regional Airport,Saint Cloud,United States,45.546600341796875,-94.05989837646484,America/Chicago,704,704,2.0919320332470995e-05,Non-hub,true
CLD,Mc Clellan-Palomar Airport,Carlsbad,United States,33.12829971,-117.2799988,America/Los_Angeles,640,641,1.9017563938609997e-05,Non-hub,true
TBN,Waynesville-St. Robert Regional Forney field,Fort Leonardwood,United States,37.74160004,-92.14070129,America/Chicago,631,631,1.8750129445723294e-05,Non-hub,true
ADK,Adak Airport,Adak Island,United States,51.87799835205078,-176.64599609375,America/Adak,522,522,1.551120058742878e-05,Non-hub,true
PQI,Northern Maine Regional Airport at Presque Isle,Presque Isle,United States,46.68899918,-68.0447998,America/New_York,482,483,1.4322602841265654e-05,Non-hub,true
PPG,Pago Pago International Airport,Pago Pago,American Samoa,-14.3310003281,-170.710006714,Pacific/Pago_Pago,477,476,1.4174028122995262e-05,Non-hub,true
GST,Gustavus Airport,Gustavus,United States,58.4253006,-135.7070007,America/Anchorage,450,450,1.3371724644335154e-05,Non-hub,true
GUF,Jack Edwards Airport,Gulf Shores,United States,30.29050064,-87.67179871,America/Chicago,327,327,9.716786574883545e-06,Non-hub,true
FMN,Four Corners Regional Airport,Farmington,United States,36.741199493399996,-108.230003357,America/Denver,237,238,7.042441646016514e-06,Non-hub,true
LAF,Purdue University Airport,Lafayette,United States,40.41230010986328,-86.93689727783203,America/New_York,236,237,7.012726702362436e-06,Non-hub,true
OWB,Owensboro Daviess County Airport,Owensboro,United States,37.74010086,-87.16680145,America/Chicago,232,232,6.8938669277461235e-06,Non-hub,true
HVN,Tweed New Haven Airport,New Haven,United States,41.26369858,-72.88680267,America/New_York,219,219,6.507572660243108e-06,Non-hub,true
LYH,Lynchburg Regional Preston Glenn Field,Lynchburg,United States,37.326698303222656,-79.20040130615234,America/New_York,214,214,6.358997941972718e-06,Non-hub,true
PGV,Pitt Greenville Airport,Greenville,United States,35.6352005,-77.38529968,America/New_York,182,183,5.408119745042218e-06,Non-hub,true
ILG,New Castle Airport,Wilmington,United States,39.67869949,-75.60649872,America/New_York,165,165,4.90296570292289e-06,Non-hub,true
CDB,Cold Bay Airport,Cold Bay,United States,55.20610046386719,-162.72500610351562,America/Anchorage,130,130,3.862942675030156e-06,Non-hub,true
OGD,Ogden Hinckley Airport,Ogden,United States,41.195899963379,-112.0120010376,America/Denver,130,129,3.862942675030156e-06,Non-hub,true
BKG,Branson Airport,Branson,United States,36.532082,-93.200544,America/Chicago,118,118,3.506363351181218e-06,Non-hub,true
FLO,Florence Regional Airport,Florence,United States,34.18539810180664,-79.7238998413086,America/New_York,113,113,3.3577886329108274e-06,Non-hub,true
VRB,Vero Beach Regional Airport,Vero Beach,United States,27.6556,-80.417901,America/New_York,42,42,1.248027633471281e-06,Non-hub,true
IFP,Laughlin/Bullhead International Airport,Bullhead City,United States,35.1574,-114.5595,America/Phoenix,0,1,0.0,Non-hub,true
